,ID,Name,Age,Photo,Nationality,Flag,Overall,Potential,Club,Club Logo,Value,Wage,Special
0,20801,Cristiano Ronaldo,31,https://cdn.sofifa.org/48/17/players/20801.png,Portugal,https://cdn.sofifa.org/flags/38.png,94,94,Real Madrid CF,https://cdn.sofifa.org/24/17/teams/243.png,€87M,€340K,2225
1,167495,M. Neuer,30,https://cdn.sofifa.org/48/17/players/167495.png,Germany,https://cdn.sofifa.org/flags/21.png,92,92,FC Bayern Munich,https://cdn.sofifa.org/24/17/teams/21.png,€69.5M,€240K,1493
2,190871,Neymar,24,https://cdn.sofifa.org/48/17/players/190871.png,Brazil,https://cdn.sofifa.org/flags/54.png,92,94,Paris Saint-Germain,https://cdn.sofifa.org/24/17/teams/73.png,€106M,€260K,2098
3,188545,R. Lewandowski,27,https://cdn.sofifa.org/48/17/players/188545.png,Poland,https://cdn.sofifa.org/flags/37.png,91,91,FC Bayern Munich,https://cdn.sofifa.org/24/17/teams/21.png,€79.5M,€300K,2143
4,193080,De Gea,25,https://cdn.sofifa.org/48/17/players/193080.png,Spain,https://cdn.sofifa.org/flags/45.png,90,92,Manchester United,https://cdn.sofifa.org/24/17/teams/11.png,€68.5M,€170K,1458
5,155862,Sergio Ramos,30,https://cdn.sofifa.org/48/17/players/155862.png,Spain,https://cdn.sofifa.org/flags/45.png,90,90,Real Madrid CF,https://cdn.sofifa.org/24/17/teams/243.png,€49M,€160K,2155
6,183277,E. Hazard,25,https://cdn.sofifa.org/48/17/players/183277.png,Belgium,https://cdn.sofifa.org/flags/7.png,90,91,Chelsea,https://cdn.sofifa.org/24/17/teams/5.png,€80M,€180K,2092
7,167664,G. Higuaín,28,https://cdn.sofifa.org/48/17/players/167664.png,Argentina,https://cdn.sofifa.org/flags/52.png,90,90,Juventus,https://cdn.sofifa.org/24/17/teams/45.png,€69M,€210K,1964
8,182521,T. Kroos,26,https://cdn.sofifa.org/48/17/players/182521.png,Germany,https://cdn.sofifa.org/flags/21.png,90,90,Real Madrid CF,https://cdn.sofifa.org/24/17/teams/243.png,€69.5M,€200K,2164
9,177003,L. Modrić,30,https://cdn.sofifa.org/48/17/players/177003.png,Croatia,https://cdn.sofifa.org/flags/10.png,89,89,Real Madrid CF,https://cdn.sofifa.org/24/17/teams/243.png,€54M,€160K,2231
10,192119,T. Courtois,24,https://cdn.sofifa.org/48/17/players/192119.png,Belgium,https://cdn.sofifa.org/flags/7.png,89,92,Chelsea,https://cdn.sofifa.org/24/17/teams/5.png,€65.5M,€170K,1282
11,1179,G. Buffon,38,https://cdn.sofifa.org/48/17/players/1179.png,Italy,https://cdn.sofifa.org/flags/27.png,89,89,Juventus,https://cdn.sofifa.org/24/17/teams/45.png,€10.5M,€110K,1335
12,173731,G. Bale,26,https://cdn.sofifa.org/48/17/players/173731.png,Wales,https://cdn.sofifa.org/flags/50.png,89,89,Real Madrid CF,https://cdn.sofifa.org/24/17/teams/243.png,€64.5M,€210K,2262
13,138956,G. Chiellini,31,https://cdn.sofifa.org/48/17/players/138956.png,Italy,https://cdn.sofifa.org/flags/27.png,89,89,Juventus,https://cdn.sofifa.org/24/17/teams/45.png,€39.5M,€160K,1871
14,192985,K. De Bruyne,25,https://cdn.sofifa.org/48/17/players/192985.png,Belgium,https://cdn.sofifa.org/flags/7.png,89,92,Manchester City,https://cdn.sofifa.org/24/17/teams/10.png,€75.5M,€180K,2163
15,153079,S. Agüero,28,https://cdn.sofifa.org/48/17/players/153079.png,Argentina,https://cdn.sofifa.org/flags/52.png,89,89,Manchester City,https://cdn.sofifa.org/24/17/teams/10.png,€61.5M,€210K,2075
16,9014,A. Robben,32,https://cdn.sofifa.org/48/17/players/9014.png,Netherlands,https://cdn.sofifa.org/flags/34.png,88,88,FC Bayern Munich,https://cdn.sofifa.org/24/17/teams/21.png,€39.5M,€140K,2080
17,189509,Thiago,25,https://cdn.sofifa.org/48/17/players/189509.png,Spain,https://cdn.sofifa.org/flags/45.png,88,90,FC Bayern Munich,https://cdn.sofifa.org/24/17/teams/21.png,€62M,€130K,2184
18,183907,J. Boateng,27,https://cdn.sofifa.org/48/17/players/183907.png,Germany,https://cdn.sofifa.org/flags/21.png,88,88,FC Bayern Munich,https://cdn.sofifa.org/24/17/teams/21.png,€43M,€170K,1989
19,164240,Thiago Silva,31,https://cdn.sofifa.org/48/17/players/164240.png,Brazil,https://cdn.sofifa.org/flags/54.png,88,88,Paris Saint-Germain,https://cdn.sofifa.org/24/17/teams/73.png,€34M,€140K,2129
20,211110,P. Dybala,22,https://cdn.sofifa.org/48/17/players/211110.png,Argentina,https://cdn.sofifa.org/flags/52.png,88,93,Juventus,https://cdn.sofifa.org/24/17/teams/45.png,€71.5M,€120K,2065
21,178603,M. Hummels,27,https://cdn.sofifa.org/48/17/players/178603.png,Germany,https://cdn.sofifa.org/flags/21.png,88,88,FC Bayern Munich,https://cdn.sofifa.org/24/17/teams/21.png,€43M,€170K,2039
22,200389,J. Oblak,23,https://cdn.sofifa.org/48/17/players/200389.png,Slovenia,https://cdn.sofifa.org/flags/44.png,88,93,Atlético Madrid,https://cdn.sofifa.org/24/17/teams/240.png,€60.5M,€130K,1290
23,194765,A. Griezmann,25,https://cdn.sofifa.org/48/17/players/194765.png,France,https://cdn.sofifa.org/flags/18.png,88,91,Atlético Madrid,https://cdn.sofifa.org/24/17/teams/240.png,€66.5M,€160K,2103
24,182493,D. Godín,30,https://cdn.sofifa.org/48/17/players/182493.png,Uruguay,https://cdn.sofifa.org/flags/60.png,88,88,Atlético Madrid,https://cdn.sofifa.org/24/17/teams/240.png,€38M,€130K,1932
25,195864,P. Pogba,23,https://cdn.sofifa.org/48/17/players/195864.png,France,https://cdn.sofifa.org/flags/18.png,87,92,Manchester United,https://cdn.sofifa.org/24/17/teams/11.png,€59.5M,€140K,2247
26,176676,Marcelo,28,https://cdn.sofifa.org/48/17/players/176676.png,Brazil,https://cdn.sofifa.org/flags/54.png,87,87,Real Madrid CF,https://cdn.sofifa.org/24/17/teams/243.png,€34.5M,€160K,2210
27,168542,David Silva,30,https://cdn.sofifa.org/48/17/players/168542.png,Spain,https://cdn.sofifa.org/flags/45.png,87,87,Manchester City,https://cdn.sofifa.org/24/17/teams/10.png,€41.5M,€140K,1977
28,179813,E. Cavani,29,https://cdn.sofifa.org/48/17/players/179813.png,Uruguay,https://cdn.sofifa.org/flags/60.png,87,87,Paris Saint-Germain,https://cdn.sofifa.org/24/17/teams/73.png,€44M,€140K,2090
29,215914,N. Kanté,25,https://cdn.sofifa.org/48/17/players/215914.png,France,https://cdn.sofifa.org/flags/18.png,87,90,Chelsea,https://cdn.sofifa.org/24/17/teams/5.png,€47M,€120K,2157
30,181872,A. Vidal,29,https://cdn.sofifa.org/48/17/players/181872.png,Chile,https://cdn.sofifa.org/flags/55.png,87,87,FC Bayern Munich,https://cdn.sofifa.org/24/17/teams/21.png,€41.5M,€130K,2279
31,199556,M. Verratti,23,https://cdn.sofifa.org/48/17/players/199556.png,Italy,https://cdn.sofifa.org/flags/27.png,87,91,Paris Saint-Germain,https://cdn.sofifa.org/24/17/teams/73.png,€58M,€120K,2176
32,165153,K. Benzema,28,https://cdn.sofifa.org/48/17/players/165153.png,France,https://cdn.sofifa.org/flags/18.png,86,86,Real Madrid CF,https://cdn.sofifa.org/24/17/teams/243.png,€39.5M,€170K,1954
33,198710,J. Rodríguez,24,https://cdn.sofifa.org/48/17/players/198710.png,Colombia,https://cdn.sofifa.org/flags/56.png,86,89,FC Bayern Munich,https://cdn.sofifa.org/24/17/teams/21.png,€50.5M,€150K,2118
34,191043,Alex Sandro,25,https://cdn.sofifa.org/48/17/players/191043.png,Brazil,https://cdn.sofifa.org/flags/54.png,86,88,Juventus,https://cdn.sofifa.org/24/17/teams/45.png,€38.5M,€120K,2210
35,197445,D. Alaba,24,https://cdn.sofifa.org/48/17/players/197445.png,Austria,https://cdn.sofifa.org/flags/4.png,86,88,FC Bayern Munich,https://cdn.sofifa.org/24/17/teams/21.png,€40.5M,€140K,2279
36,162895,Cesc Fàbregas,29,https://cdn.sofifa.org/48/17/players/162895.png,Spain,https://cdn.sofifa.org/flags/45.png,86,86,Chelsea,https://cdn.sofifa.org/24/17/teams/5.png,€36M,€130K,2118
37,179844,Diego Costa,27,https://cdn.sofifa.org/48/17/players/179844.png,Spain,https://cdn.sofifa.org/flags/45.png,86,86,Chelsea,https://cdn.sofifa.org/24/17/teams/5.png,€41M,€170K,1993
38,197781,Isco,24,https://cdn.sofifa.org/48/17/players/197781.png,Spain,https://cdn.sofifa.org/flags/45.png,86,90,Real Madrid CF,https://cdn.sofifa.org/24/17/teams/243.png,€50.5M,€120K,2105
39,189596,T. Müller,26,https://cdn.sofifa.org/48/17/players/189596.png,Germany,https://cdn.sofifa.org/flags/21.png,86,87,FC Bayern Munich,https://cdn.sofifa.org/24/17/teams/21.png,€45.5M,€170K,2081
40,156616,F. Ribéry,33,https://cdn.sofifa.org/48/17/players/156616.png,France,https://cdn.sofifa.org/flags/18.png,86,86,FC Bayern Munich,https://cdn.sofifa.org/24/17/teams/21.png,€24M,€100K,1965
41,177610,Javi Martinez,27,https://cdn.sofifa.org/48/17/players/177610.png,Spain,https://cdn.sofifa.org/flags/45.png,86,86,FC Bayern Munich,https://cdn.sofifa.org/24/17/teams/21.png,€32M,€150K,1974
42,179944,David Luiz,29,https://cdn.sofifa.org/48/17/players/179944.png,Brazil,https://cdn.sofifa.org/flags/54.png,86,86,Chelsea,https://cdn.sofifa.org/24/17/teams/5.png,€29.5M,€130K,2136
43,192505,R. Lukaku,23,https://cdn.sofifa.org/48/17/players/192505.png,Belgium,https://cdn.sofifa.org/flags/7.png,86,90,Manchester United,https://cdn.sofifa.org/24/17/teams/11.png,€52.5M,€130K,2004
44,193041,K. Navas,29,https://cdn.sofifa.org/48/17/players/193041.png,Costa Rica,https://cdn.sofifa.org/flags/72.png,85,85,Real Madrid CF,https://cdn.sofifa.org/24/17/teams/243.png,€28.5M,€100K,1301
45,208418,Y. Carrasco,22,https://cdn.sofifa.org/48/17/players/208418.png,Belgium,https://cdn.sofifa.org/flags/7.png,85,90,Atlético Madrid,https://cdn.sofifa.org/24/17/teams/240.png,€44M,€90K,1992
46,186942,I. Gündoğan,25,https://cdn.sofifa.org/48/17/players/186942.png,Germany,https://cdn.sofifa.org/flags/21.png,85,87,Manchester City,https://cdn.sofifa.org/24/17/teams/10.png,€39M,€110K,2162
47,201535,R. Varane,23,https://cdn.sofifa.org/48/17/players/201535.png,France,https://cdn.sofifa.org/flags/18.png,85,92,Real Madrid CF,https://cdn.sofifa.org/24/17/teams/243.png,€40.5M,€110K,1881
48,164169,Filipe Luís,30,https://cdn.sofifa.org/48/17/players/164169.png,Brazil,https://cdn.sofifa.org/flags/54.png,85,85,Atlético Madrid,https://cdn.sofifa.org/24/17/teams/240.png,€23.5M,€100K,2136
49,183898,A. Di María,28,https://cdn.sofifa.org/48/17/players/183898.png,Argentina,https://cdn.sofifa.org/flags/52.png,85,85,Paris Saint-Germain,https://cdn.sofifa.org/24/17/teams/73.png,€33M,€150K,2115
50,184432,Azpilicueta,26,https://cdn.sofifa.org/48/17/players/184432.png,Spain,https://cdn.sofifa.org/flags/45.png,85,87,Chelsea,https://cdn.sofifa.org/24/17/teams/5.png,€33M,€120K,2107
51,192883,H. Mkhitaryan,27,https://cdn.sofifa.org/48/17/players/192883.png,Armenia,https://cdn.sofifa.org/flags/3.png,85,85,Manchester United,https://cdn.sofifa.org/24/17/teams/11.png,€33M,€130K,2149
52,170890,B. Matuidi,29,https://cdn.sofifa.org/48/17/players/170890.png,France,https://cdn.sofifa.org/flags/18.png,85,85,Paris Saint-Germain,https://cdn.sofifa.org/24/17/teams/73.png,€25M,€100K,2176
53,173210,C. Marchisio,30,https://cdn.sofifa.org/48/17/players/173210.png,Italy,https://cdn.sofifa.org/flags/27.png,85,85,Juventus,https://cdn.sofifa.org/24/17/teams/45.png,€29.5M,€100K,2214
54,139720,V. Kompany,30,https://cdn.sofifa.org/48/17/players/139720.png,Belgium,https://cdn.sofifa.org/flags/7.png,85,85,Manchester City,https://cdn.sofifa.org/24/17/teams/10.png,€24M,€110K,1927
55,200145,Casemiro,24,https://cdn.sofifa.org/48/17/players/200145.png,Brazil,https://cdn.sofifa.org/flags/54.png,85,89,Real Madrid CF,https://cdn.sofifa.org/24/17/teams/243.png,€37M,€100K,2138
56,137186,A. Barzagli,35,https://cdn.sofifa.org/48/17/players/137186.png,Italy,https://cdn.sofifa.org/flags/27.png,85,85,Juventus,https://cdn.sofifa.org/24/17/teams/45.png,€5.5M,€70K,1770
57,180206,M. Pjanić,26,https://cdn.sofifa.org/48/17/players/180206.png,Bosnia Herzegovina,https://cdn.sofifa.org/flags/8.png,85,86,Juventus,https://cdn.sofifa.org/24/17/teams/45.png,€37.5M,€130K,2175
58,218667,Bernardo Silva,21,https://cdn.sofifa.org/48/17/players/218667.png,Portugal,https://cdn.sofifa.org/flags/38.png,84,91,Manchester City,https://cdn.sofifa.org/24/17/teams/10.png,€40M,€90K,2012
59,189505,Pedro,28,https://cdn.sofifa.org/48/17/players/189505.png,Spain,https://cdn.sofifa.org/flags/45.png,84,84,Chelsea,https://cdn.sofifa.org/24/17/teams/5.png,€28.5M,€140K,1987
60,146530,Dani Alves,33,https://cdn.sofifa.org/48/17/players/146530.png,Brazil,https://cdn.sofifa.org/flags/54.png,84,84,Paris Saint-Germain,https://cdn.sofifa.org/24/17/teams/73.png,€12.5M,€90K,2207
61,177509,M. Benatia,29,https://cdn.sofifa.org/48/17/players/177509.png,Morocco,https://cdn.sofifa.org/flags/129.png,84,84,Juventus,https://cdn.sofifa.org/24/17/teams/45.png,€22M,€100K,1776
62,164468,G. Cahill,30,https://cdn.sofifa.org/48/17/players/164468.png,England,https://cdn.sofifa.org/flags/14.png,84,84,Chelsea,https://cdn.sofifa.org/24/17/teams/5.png,€21M,€100K,1846
63,179846,S. Khedira,29,https://cdn.sofifa.org/48/17/players/179846.png,Germany,https://cdn.sofifa.org/flags/21.png,84,84,Juventus,https://cdn.sofifa.org/24/17/teams/45.png,€26.5M,€100K,2162
64,204963,Carvajal,24,https://cdn.sofifa.org/48/17/players/204963.png,Spain,https://cdn.sofifa.org/flags/45.png,84,87,Real Madrid CF,https://cdn.sofifa.org/24/17/teams/243.png,€30.5M,€100K,2040
65,178088,Juan Mata,28,https://cdn.sofifa.org/48/17/players/178088.png,Spain,https://cdn.sofifa.org/flags/45.png,84,84,Manchester United,https://cdn.sofifa.org/24/17/teams/11.png,€28.5M,€140K,1984
66,180403,Willian,27,https://cdn.sofifa.org/48/17/players/180403.png,Brazil,https://cdn.sofifa.org/flags/54.png,84,84,Chelsea,https://cdn.sofifa.org/24/17/teams/5.png,€29.5M,€140K,2054
67,202166,J. Draxler,22,https://cdn.sofifa.org/48/17/players/202166.png,Germany,https://cdn.sofifa.org/flags/21.png,84,87,Paris Saint-Germain,https://cdn.sofifa.org/24/17/teams/73.png,€37M,€100K,2022
68,201153,Morata,23,https://cdn.sofifa.org/48/17/players/201153.png,Spain,https://cdn.sofifa.org/flags/45.png,84,88,Chelsea,https://cdn.sofifa.org/24/17/teams/5.png,€39M,€110K,1863
69,193747,Koke,24,https://cdn.sofifa.org/48/17/players/193747.png,Spain,https://cdn.sofifa.org/flags/45.png,84,88,Atlético Madrid,https://cdn.sofifa.org/24/17/teams/240.png,€37M,€110K,2132
70,225508,E. Bailly,22,https://cdn.sofifa.org/48/17/players/225508.png,Ivory Coast,https://cdn.sofifa.org/flags/108.png,84,89,Manchester United,https://cdn.sofifa.org/24/17/teams/11.png,€33.5M,€90K,1916
71,191740,Ander Herrera,26,https://cdn.sofifa.org/48/17/players/191740.png,Spain,https://cdn.sofifa.org/flags/45.png,84,85,Manchester United,https://cdn.sofifa.org/24/17/teams/11.png,€32.5M,€120K,2219
72,181783,M. Mandžukić,30,https://cdn.sofifa.org/48/17/players/181783.png,Croatia,https://cdn.sofifa.org/flags/10.png,83,83,Juventus,https://cdn.sofifa.org/24/17/teams/45.png,€22M,€100K,2110
73,20289,Y. Touré,33,https://cdn.sofifa.org/48/17/players/20289.png,Ivory Coast,https://cdn.sofifa.org/flags/108.png,83,83,Manchester City,https://cdn.sofifa.org/24/17/teams/10.png,€14.5M,€80K,2184
74,146760,Juanfran,31,https://cdn.sofifa.org/48/17/players/146760.png,Spain,https://cdn.sofifa.org/flags/45.png,83,83,Atlético Madrid,https://cdn.sofifa.org/24/17/teams/240.png,€14.5M,€90K,2082
75,184144,N. Gaitán,28,https://cdn.sofifa.org/48/17/players/184144.png,Argentina,https://cdn.sofifa.org/flags/52.png,83,83,Atlético Madrid,https://cdn.sofifa.org/24/17/teams/240.png,€22.5M,€110K,2014
76,210257,Ederson,22,https://cdn.sofifa.org/48/17/players/210257.png,Brazil,https://cdn.sofifa.org/flags/54.png,83,89,Manchester City,https://cdn.sofifa.org/24/17/teams/10.png,€27.5M,€80K,1320
77,192366,N. Otamendi,28,https://cdn.sofifa.org/48/17/players/192366.png,Argentina,https://cdn.sofifa.org/flags/52.png,83,83,Manchester City,https://cdn.sofifa.org/24/17/teams/10.png,€18.5M,€110K,1897
78,216460,J. Giménez,21,https://cdn.sofifa.org/48/17/players/216460.png,Uruguay,https://cdn.sofifa.org/flags/60.png,83,87,Atlético Madrid,https://cdn.sofifa.org/24/17/teams/240.png,€26M,€80K,1762
79,220834,Marco Asensio,20,https://cdn.sofifa.org/48/17/players/220834.png,Spain,https://cdn.sofifa.org/flags/45.png,83,90,Real Madrid CF,https://cdn.sofifa.org/24/17/teams/243.png,€33.5M,€70K,1990
80,191180,J. Pastore,27,https://cdn.sofifa.org/48/17/players/191180.png,Argentina,https://cdn.sofifa.org/flags/52.png,83,83,Paris Saint-Germain,https://cdn.sofifa.org/24/17/teams/73.png,€23M,€110K,2076
81,176600,K. Gameiro,29,https://cdn.sofifa.org/48/17/players/176600.png,France,https://cdn.sofifa.org/flags/18.png,83,83,Atlético Madrid,https://cdn.sofifa.org/24/17/teams/240.png,€23M,€100K,2039
82,188377,K. Walker,26,https://cdn.sofifa.org/48/17/players/188377.png,England,https://cdn.sofifa.org/flags/14.png,83,84,Manchester City,https://cdn.sofifa.org/24/17/teams/10.png,€22M,€110K,2164
83,212190,N. Süle,20,https://cdn.sofifa.org/48/17/players/212190.png,Germany,https://cdn.sofifa.org/flags/21.png,83,89,FC Bayern Munich,https://cdn.sofifa.org/24/17/teams/21.png,€27.5M,€70K,1630
84,167905,A. Valencia,30,https://cdn.sofifa.org/48/17/players/167905.png,Ecuador,https://cdn.sofifa.org/flags/57.png,83,83,Manchester United,https://cdn.sofifa.org/24/17/teams/11.png,€16.5M,€80K,2193
85,191202,N. Matić,27,https://cdn.sofifa.org/48/17/players/191202.png,Serbia,https://cdn.sofifa.org/flags/51.png,83,83,Manchester United,https://cdn.sofifa.org/24/17/teams/11.png,€19M,€110K,2127
86,207865,Marquinhos,22,https://cdn.sofifa.org/48/17/players/207865.png,Brazil,https://cdn.sofifa.org/flags/54.png,83,89,Paris Saint-Germain,https://cdn.sofifa.org/24/17/teams/73.png,€27.5M,€80K,1868
87,188943,K. Trapp,25,https://cdn.sofifa.org/48/17/players/188943.png,Germany,https://cdn.sofifa.org/flags/21.png,82,84,Paris Saint-Germain,https://cdn.sofifa.org/24/17/teams/73.png,€20M,€80K,1195
88,190483,Douglas Costa,25,https://cdn.sofifa.org/48/17/players/190483.png,Brazil,https://cdn.sofifa.org/flags/54.png,82,82,Juventus,https://cdn.sofifa.org/24/17/teams/45.png,€21M,€90K,2018
89,222492,L. Sané,20,https://cdn.sofifa.org/48/17/players/222492.png,Germany,https://cdn.sofifa.org/flags/21.png,82,91,Manchester City,https://cdn.sofifa.org/24/17/teams/10.png,€31M,€70K,1999
90,219683,C. Tolisso,21,https://cdn.sofifa.org/48/17/players/219683.png,France,https://cdn.sofifa.org/flags/18.png,82,89,FC Bayern Munich,https://cdn.sofifa.org/24/17/teams/21.png,€28M,€60K,2205
91,208421,Saúl,21,https://cdn.sofifa.org/48/17/players/208421.png,Spain,https://cdn.sofifa.org/flags/45.png,82,90,Atlético Madrid,https://cdn.sofifa.org/24/17/teams/240.png,€29M,€70K,2095
92,186153,W. Szczęsny,26,https://cdn.sofifa.org/48/17/players/186153.png,Poland,https://cdn.sofifa.org/flags/37.png,82,84,Juventus,https://cdn.sofifa.org/24/17/teams/45.png,€20M,€100K,1193
93,108080,S. Lichtsteiner,32,https://cdn.sofifa.org/48/17/players/108080.png,Switzerland,https://cdn.sofifa.org/flags/47.png,82,82,Juventus,https://cdn.sofifa.org/24/17/teams/45.png,€11M,€90K,2074
94,207410,M. Kovačić,22,https://cdn.sofifa.org/48/17/players/207410.png,Croatia,https://cdn.sofifa.org/flags/10.png,82,88,Real Madrid CF,https://cdn.sofifa.org/24/17/teams/243.png,€27M,€60K,2056
95,193082,J. Cuadrado,28,https://cdn.sofifa.org/48/17/players/193082.png,Colombia,https://cdn.sofifa.org/flags/56.png,82,82,Juventus,https://cdn.sofifa.org/24/17/teams/45.png,€19M,€110K,2118
96,135507,Fernandinho,31,https://cdn.sofifa.org/48/17/players/135507.png,Brazil,https://cdn.sofifa.org/flags/54.png,82,82,Manchester City,https://cdn.sofifa.org/24/17/teams/10.png,€13M,€90K,2163
97,204639,S. Savić,25,https://cdn.sofifa.org/48/17/players/204639.png,Montenegro,https://cdn.sofifa.org/flags/15.png,82,86,Atlético Madrid,https://cdn.sofifa.org/24/17/teams/240.png,€21.5M,€80K,1694
98,211300,A. Martial,20,https://cdn.sofifa.org/48/17/players/211300.png,France,https://cdn.sofifa.org/flags/18.png,82,90,Manchester United,https://cdn.sofifa.org/24/17/teams/11.png,€29M,€70K,2048
99,184431,S. Giovinco,29,https://cdn.sofifa.org/48/17/players/184431.png,Italy,https://cdn.sofifa.org/flags/27.png,82,82,Toronto FC,https://cdn.sofifa.org/24/17/teams/111651.png,€19M,€45K,1953
100,165239,S. Nasri,29,https://cdn.sofifa.org/48/17/players/165239.png,France,https://cdn.sofifa.org/flags/18.png,82,82,Manchester City,https://cdn.sofifa.org/24/17/teams/10.png,€18.5M,€90K,1933
101,201862,M. Rojo,26,https://cdn.sofifa.org/48/17/players/201862.png,Argentina,https://cdn.sofifa.org/flags/52.png,82,83,Manchester United,https://cdn.sofifa.org/24/17/teams/11.png,€19M,€110K,2062
102,205452,A. Rüdiger,23,https://cdn.sofifa.org/48/17/players/205452.png,Germany,https://cdn.sofifa.org/flags/21.png,82,86,Chelsea,https://cdn.sofifa.org/24/17/teams/5.png,€22.5M,€80K,1844
103,202652,R. Sterling,21,https://cdn.sofifa.org/48/17/players/202652.png,England,https://cdn.sofifa.org/flags/14.png,82,87,Manchester City,https://cdn.sofifa.org/24/17/teams/10.png,€27M,€90K,1958
104,219809,T. Bakayoko,21,https://cdn.sofifa.org/48/17/players/219809.png,France,https://cdn.sofifa.org/flags/18.png,82,88,Chelsea,https://cdn.sofifa.org/24/17/teams/5.png,€23.5M,€60K,1977
105,212404,F. Bernardeschi,22,https://cdn.sofifa.org/48/17/players/212404.png,Italy,https://cdn.sofifa.org/flags/27.png,82,88,Juventus,https://cdn.sofifa.org/24/17/teams/45.png,€27M,€70K,1988
106,174543,C. Bravo,33,https://cdn.sofifa.org/48/17/players/174543.png,Chile,https://cdn.sofifa.org/flags/55.png,82,82,Manchester City,https://cdn.sofifa.org/24/17/teams/10.png,€14.5M,€60K,1464
107,208618,Lucas Vázquez,25,https://cdn.sofifa.org/48/17/players/208618.png,Spain,https://cdn.sofifa.org/flags/45.png,82,83,Real Madrid CF,https://cdn.sofifa.org/24/17/teams/243.png,€23.5M,€90K,2004
108,200949,Lucas,23,https://cdn.sofifa.org/48/17/players/200949.png,Brazil,https://cdn.sofifa.org/flags/54.png,82,85,Paris Saint-Germain,https://cdn.sofifa.org/24/17/teams/73.png,€26M,€100K,2049
109,146954,Gabi,32,https://cdn.sofifa.org/48/17/players/146954.png,Spain,https://cdn.sofifa.org/flags/45.png,81,81,Atlético Madrid,https://cdn.sofifa.org/24/17/teams/240.png,€12.5M,€60K,2114
110,230666,Gabriel Jesus,19,https://cdn.sofifa.org/48/17/players/230666.png,Brazil,https://cdn.sofifa.org/flags/54.png,81,93,Manchester City,https://cdn.sofifa.org/24/17/teams/10.png,€28M,€50K,1959
111,200724,Nacho Fernández,26,https://cdn.sofifa.org/48/17/players/200724.png,Spain,https://cdn.sofifa.org/flags/45.png,81,83,Real Madrid CF,https://cdn.sofifa.org/24/17/teams/243.png,€16.5M,€70K,1840
112,189251,S. Rudy,26,https://cdn.sofifa.org/48/17/players/189251.png,Germany,https://cdn.sofifa.org/flags/21.png,81,82,FC Bayern Munich,https://cdn.sofifa.org/24/17/teams/21.png,€19M,€80K,2119
113,110677,Moyá,32,https://cdn.sofifa.org/48/17/players/110677.png,Spain,https://cdn.sofifa.org/flags/45.png,81,81,Atlético Madrid,https://cdn.sofifa.org/24/17/teams/240.png,€12.5M,€60K,1184
114,161648,H. Ben Arfa,29,https://cdn.sofifa.org/48/17/players/161648.png,France,https://cdn.sofifa.org/flags/18.png,81,81,Paris Saint-Germain,https://cdn.sofifa.org/24/17/teams/73.png,€16M,€70K,2000
115,197242,G. Krychowiak,26,https://cdn.sofifa.org/48/17/players/197242.png,Poland,https://cdn.sofifa.org/flags/37.png,81,83,Paris Saint-Germain,https://cdn.sofifa.org/24/17/teams/73.png,€16.5M,€80K,1997
116,192638,Marcos Alonso,25,https://cdn.sofifa.org/48/17/players/192638.png,Spain,https://cdn.sofifa.org/flags/45.png,81,83,Chelsea,https://cdn.sofifa.org/24/17/teams/5.png,€16.5M,€60K,2117
117,212622,J. Kimmich,21,https://cdn.sofifa.org/48/17/players/212622.png,Germany,https://cdn.sofifa.org/flags/21.png,81,88,FC Bayern Munich,https://cdn.sofifa.org/24/17/teams/21.png,€23.5M,€50K,2142
118,213661,A. Christensen,20,https://cdn.sofifa.org/48/17/players/213661.png,Denmark,https://cdn.sofifa.org/flags/13.png,81,89,Chelsea,https://cdn.sofifa.org/24/17/teams/5.png,€21.5M,€50K,1698
119,189881,C. Smalling,26,https://cdn.sofifa.org/48/17/players/189881.png,England,https://cdn.sofifa.org/flags/14.png,81,82,Manchester United,https://cdn.sofifa.org/24/17/teams/11.png,€16M,€80K,1835
120,49369,Fernando Torres,32,https://cdn.sofifa.org/48/17/players/49369.png,Spain,https://cdn.sofifa.org/flags/45.png,81,81,Atlético Madrid,https://cdn.sofifa.org/24/17/teams/240.png,€13.5M,€70K,1887
121,49370,T. Motta,33,https://cdn.sofifa.org/48/17/players/49370.png,Italy,https://cdn.sofifa.org/flags/27.png,81,81,Paris Saint-Germain,https://cdn.sofifa.org/24/17/teams/73.png,€7.5M,€50K,1986
122,197853,S. Aurier,23,https://cdn.sofifa.org/48/17/players/197853.png,Ivory Coast,https://cdn.sofifa.org/flags/108.png,81,85,Paris Saint-Germain,https://cdn.sofifa.org/24/17/teams/73.png,€18.5M,€60K,2136
123,176915,A. Fernández,30,https://cdn.sofifa.org/48/17/players/176915.png,Argentina,https://cdn.sofifa.org/flags/52.png,80,80,Atlético Madrid,https://cdn.sofifa.org/24/17/teams/240.png,€12.5M,€60K,2057
124,201510,L. Kurzawa,23,https://cdn.sofifa.org/48/17/players/201510.png,France,https://cdn.sofifa.org/flags/18.png,80,86,Paris Saint-Germain,https://cdn.sofifa.org/24/17/teams/73.png,€16.5M,€60K,2142
125,173373,S. Romero,29,https://cdn.sofifa.org/48/17/players/173373.png,Argentina,https://cdn.sofifa.org/flags/52.png,80,80,Manchester United,https://cdn.sofifa.org/24/17/teams/11.png,€12M,€60K,1251
126,184392,M. Darmian,26,https://cdn.sofifa.org/48/17/players/184392.png,Italy,https://cdn.sofifa.org/flags/27.png,80,81,Manchester United,https://cdn.sofifa.org/24/17/teams/11.png,€13.5M,€80K,2009
127,210008,A. Rabiot,21,https://cdn.sofifa.org/48/17/players/210008.png,France,https://cdn.sofifa.org/flags/18.png,80,86,Paris Saint-Germain,https://cdn.sofifa.org/24/17/teams/73.png,€19.5M,€50K,2090
128,190815,D. Blind,26,https://cdn.sofifa.org/48/17/players/190815.png,Netherlands,https://cdn.sofifa.org/flags/34.png,80,81,Manchester United,https://cdn.sofifa.org/24/17/teams/11.png,€13.5M,€80K,2079
129,211320,D. Rugani,21,https://cdn.sofifa.org/48/17/players/211320.png,Italy,https://cdn.sofifa.org/flags/27.png,80,88,Juventus,https://cdn.sofifa.org/24/17/teams/45.png,€18.5M,€50K,1698
130,170369,G. dos Santos,27,https://cdn.sofifa.org/48/17/players/170369.png,Mexico,https://cdn.sofifa.org/flags/83.png,80,80,LA Galaxy,https://cdn.sofifa.org/24/17/teams/697.png,€14.5M,€50K,1931
131,170370,J. dos Santos,26,https://cdn.sofifa.org/48/17/players/170370.png,Mexico,https://cdn.sofifa.org/flags/83.png,80,81,LA Galaxy,https://cdn.sofifa.org/24/17/teams/697.png,€16M,€40K,2067
132,202371,T. Meunier,24,https://cdn.sofifa.org/48/17/players/202371.png,Belgium,https://cdn.sofifa.org/flags/7.png,80,85,Paris Saint-Germain,https://cdn.sofifa.org/24/17/teams/73.png,€16M,€60K,2116
133,21146,M. Carrick,34,https://cdn.sofifa.org/48/17/players/21146.png,England,https://cdn.sofifa.org/flags/14.png,80,80,Manchester United,https://cdn.sofifa.org/24/17/teams/11.png,€4.4M,€50K,2011
134,177644,Kiko Casilla,29,https://cdn.sofifa.org/48/17/players/177644.png,Spain,https://cdn.sofifa.org/flags/45.png,80,80,Real Madrid CF,https://cdn.sofifa.org/24/17/teams/243.png,€12M,€60K,1281
135,204529,M. Batshuayi,22,https://cdn.sofifa.org/48/17/players/204529.png,Belgium,https://cdn.sofifa.org/flags/7.png,80,85,Chelsea,https://cdn.sofifa.org/24/17/teams/5.png,€19.5M,€60K,1864
136,150516,L. Podolski,31,https://cdn.sofifa.org/48/17/players/150516.png,Germany,https://cdn.sofifa.org/flags/21.png,80,80,Vissel Kobe,https://cdn.sofifa.org/24/17/teams/101146.png,€12.5M,€25K,2028
137,189963,W. Bony,27,https://cdn.sofifa.org/48/17/players/189963.png,Ivory Coast,https://cdn.sofifa.org/flags/108.png,79,79,Manchester City,https://cdn.sofifa.org/24/17/teams/10.png,€10.5M,€80K,1894
138,205069,Bernat,23,https://cdn.sofifa.org/48/17/players/205069.png,Spain,https://cdn.sofifa.org/flags/45.png,79,83,FC Bayern Munich,https://cdn.sofifa.org/24/17/teams/21.png,€11M,€60K,2067
139,176944,M. Fellaini,28,https://cdn.sofifa.org/48/17/players/176944.png,Belgium,https://cdn.sofifa.org/flags/7.png,79,79,Manchester United,https://cdn.sofifa.org/24/17/teams/11.png,€8M,€80K,2035
140,203574,J. Stones,22,https://cdn.sofifa.org/48/17/players/203574.png,England,https://cdn.sofifa.org/flags/14.png,79,85,Manchester City,https://cdn.sofifa.org/24/17/teams/10.png,€12M,€50K,1817
141,139062,W. Caballero,34,https://cdn.sofifa.org/48/17/players/139062.png,Argentina,https://cdn.sofifa.org/flags/52.png,79,79,Chelsea,https://cdn.sofifa.org/24/17/teams/5.png,€6.5M,€45K,1241
142,190531,E. Mangala,25,https://cdn.sofifa.org/48/17/players/190531.png,France,https://cdn.sofifa.org/flags/18.png,79,82,Manchester City,https://cdn.sofifa.org/24/17/teams/10.png,€10.5M,€60K,1819
143,207441,L. Vietto,22,https://cdn.sofifa.org/48/17/players/207441.png,Argentina,https://cdn.sofifa.org/flags/52.png,79,86,Atlético Madrid,https://cdn.sofifa.org/24/17/teams/240.png,€15M,€50K,1983
144,193105,A. Areola,23,https://cdn.sofifa.org/48/17/players/193105.png,France,https://cdn.sofifa.org/flags/18.png,79,86,Paris Saint-Germain,https://cdn.sofifa.org/24/17/teams/73.png,€12.5M,€60K,1266
145,213345,K. Coman,20,https://cdn.sofifa.org/48/17/players/213345.png,France,https://cdn.sofifa.org/flags/18.png,79,86,FC Bayern Munich,https://cdn.sofifa.org/24/17/teams/21.png,€14M,€50K,1856
146,203890,S. Vrsaljko,24,https://cdn.sofifa.org/48/17/players/203890.png,Croatia,https://cdn.sofifa.org/flags/10.png,79,83,Atlético Madrid,https://cdn.sofifa.org/24/17/teams/240.png,€11M,€60K,2045
147,194957,P. Jones,24,https://cdn.sofifa.org/48/17/players/194957.png,England,https://cdn.sofifa.org/flags/14.png,79,80,Manchester United,https://cdn.sofifa.org/24/17/teams/11.png,€10.5M,€60K,1874
148,172962,V. Moses,25,https://cdn.sofifa.org/48/17/players/172962.png,Nigeria,https://cdn.sofifa.org/flags/133.png,79,81,Chelsea,https://cdn.sofifa.org/24/17/teams/5.png,€10M,€60K,2096
149,205988,L. Shaw,20,https://cdn.sofifa.org/48/17/players/205988.png,England,https://cdn.sofifa.org/flags/14.png,79,84,Manchester United,https://cdn.sofifa.org/24/17/teams/11.png,€11.5M,€50K,2017
150,214997,A. Correa,21,https://cdn.sofifa.org/48/17/players/214997.png,Argentina,https://cdn.sofifa.org/flags/52.png,79,87,Atlético Madrid,https://cdn.sofifa.org/24/17/teams/240.png,€15.5M,€50K,1969
151,221660,V. Lindelöf,21,https://cdn.sofifa.org/48/17/players/221660.png,Sweden,https://cdn.sofifa.org/flags/46.png,79,86,Manchester United,https://cdn.sofifa.org/24/17/teams/11.png,€12.5M,€50K,1870
152,231677,M. Rashford,18,https://cdn.sofifa.org/48/17/players/231677.png,England,https://cdn.sofifa.org/flags/14.png,79,88,Manchester United,https://cdn.sofifa.org/24/17/teams/11.png,€13.5M,€25K,1995
153,222509,Dani Ceballos,19,https://cdn.sofifa.org/48/17/players/222509.png,Spain,https://cdn.sofifa.org/flags/45.png,78,88,Real Madrid CF,https://cdn.sofifa.org/24/17/teams/243.png,€12M,€40K,1988
154,204884,B. Mendy,21,https://cdn.sofifa.org/48/17/players/204884.png,France,https://cdn.sofifa.org/flags/18.png,78,86,Manchester City,https://cdn.sofifa.org/24/17/teams/10.png,€10.5M,€50K,1936
155,183427,F. Delph,26,https://cdn.sofifa.org/48/17/players/183427.png,England,https://cdn.sofifa.org/flags/14.png,78,79,Manchester City,https://cdn.sofifa.org/24/17/teams/10.png,€9.5M,€70K,2084
156,207494,J. Lingard,23,https://cdn.sofifa.org/48/17/players/207494.png,England,https://cdn.sofifa.org/flags/14.png,78,80,Manchester United,https://cdn.sofifa.org/24/17/teams/11.png,€10.5M,€50K,2009
157,199304,Danilo,24,https://cdn.sofifa.org/48/17/players/199304.png,Brazil,https://cdn.sofifa.org/flags/54.png,78,81,Manchester City,https://cdn.sofifa.org/24/17/teams/10.png,€9M,€50K,2129
158,168607,Rafinha,30,https://cdn.sofifa.org/48/17/players/168607.png,Brazil,https://cdn.sofifa.org/flags/54.png,78,78,FC Bayern Munich,https://cdn.sofifa.org/24/17/teams/21.png,€6M,€50K,1979
159,186832,K. Asamoah,27,https://cdn.sofifa.org/48/17/players/186832.png,Ghana,https://cdn.sofifa.org/flags/117.png,78,78,Juventus,https://cdn.sofifa.org/24/17/teams/45.png,€7M,€70K,2147
160,155887,M. Bradley,28,https://cdn.sofifa.org/48/17/players/155887.png,United States,https://cdn.sofifa.org/flags/95.png,78,78,Toronto FC,https://cdn.sofifa.org/24/17/teams/111651.png,€6.5M,€40K,2102
161,202515,Jesé,23,https://cdn.sofifa.org/48/17/players/202515.png,Spain,https://cdn.sofifa.org/flags/45.png,77,81,Paris Saint-Germain,https://cdn.sofifa.org/24/17/teams/73.png,€9M,€50K,1808
162,215061,D. Benedetto,26,https://cdn.sofifa.org/48/17/players/215061.png,Argentina,https://cdn.sofifa.org/flags/52.png,77,78,Boca Juniors,https://cdn.sofifa.org/24/17/teams/1877.png,€8M,€70K,1901
163,215079,P. Pérez,30,https://cdn.sofifa.org/48/17/players/215079.png,Argentina,https://cdn.sofifa.org/flags/52.png,77,77,Boca Juniors,https://cdn.sofifa.org/24/17/teams/1877.png,€6M,€50K,2036
164,184134,Fernando,28,https://cdn.sofifa.org/48/17/players/184134.png,Brazil,https://cdn.sofifa.org/flags/54.png,77,77,Manchester City,https://cdn.sofifa.org/24/17/teams/10.png,€5.5M,€70K,1914
165,179527,L. Rémy,29,https://cdn.sofifa.org/48/17/players/179527.png,France,https://cdn.sofifa.org/flags/18.png,77,77,Chelsea,https://cdn.sofifa.org/24/17/teams/5.png,€7M,€60K,1892
166,212811,M. Lemina,22,https://cdn.sofifa.org/48/17/players/212811.png,Gabon,https://cdn.sofifa.org/flags/115.png,77,83,Juventus,https://cdn.sofifa.org/24/17/teams/45.png,€9.5M,€50K,2078
167,191053,T. Rincón,28,https://cdn.sofifa.org/48/17/players/191053.png,Venezuela,https://cdn.sofifa.org/flags/61.png,77,77,Juventus,https://cdn.sofifa.org/24/17/teams/45.png,€6.5M,€70K,2070
168,226161,Marcos Llorente,21,https://cdn.sofifa.org/48/17/players/226161.png,Spain,https://cdn.sofifa.org/flags/45.png,77,86,Real Madrid CF,https://cdn.sofifa.org/24/17/teams/243.png,€9.5M,€45K,1838
169,53630,J. Van Damme,32,https://cdn.sofifa.org/48/17/players/53630.png,Belgium,https://cdn.sofifa.org/flags/7.png,77,77,LA Galaxy,https://cdn.sofifa.org/24/17/teams/697.png,€4M,€25K,1986
170,225161,Vallejo,19,https://cdn.sofifa.org/48/17/players/225161.png,Spain,https://cdn.sofifa.org/flags/45.png,77,85,Real Madrid CF,https://cdn.sofifa.org/24/17/teams/243.png,€8M,€40K,1742
171,165517,F. Gago,30,https://cdn.sofifa.org/48/17/players/165517.png,Argentina,https://cdn.sofifa.org/flags/52.png,77,77,Boca Juniors,https://cdn.sofifa.org/24/17/teams/1877.png,€5M,€60K,1989
172,202135,S. Sturaro,23,https://cdn.sofifa.org/48/17/players/202135.png,Italy,https://cdn.sofifa.org/flags/27.png,77,82,Juventus,https://cdn.sofifa.org/24/17/teams/45.png,€9M,€50K,2112
173,214977,M. Kranevitter,23,https://cdn.sofifa.org/48/17/players/214977.png,Argentina,https://cdn.sofifa.org/flags/52.png,77,85,Atlético Madrid,https://cdn.sofifa.org/24/17/teams/240.png,€9M,€50K,1894
174,209620,A. Baba,21,https://cdn.sofifa.org/48/17/players/209620.png,Ghana,https://cdn.sofifa.org/flags/117.png,77,84,Chelsea,https://cdn.sofifa.org/24/17/teams/5.png,€8.5M,€45K,1928
175,183512,Yuri,26,https://cdn.sofifa.org/48/17/players/183512.png,Spain,https://cdn.sofifa.org/flags/45.png,77,78,Paris Saint-Germain,https://cdn.sofifa.org/24/17/teams/73.png,€6.5M,€60K,2016
176,214040,F. Fabra,25,https://cdn.sofifa.org/48/17/players/214040.png,Colombia,https://cdn.sofifa.org/flags/56.png,76,79,Boca Juniors,https://cdn.sofifa.org/24/17/teams/1877.png,€5.5M,€50K,1920
177,223273,M. Pašalić,21,https://cdn.sofifa.org/48/17/players/223273.png,Croatia,https://cdn.sofifa.org/flags/10.png,76,85,Chelsea,https://cdn.sofifa.org/24/17/teams/5.png,€8M,€45K,2035
178,225850,P. Kimpembe,20,https://cdn.sofifa.org/48/17/players/225850.png,France,https://cdn.sofifa.org/flags/18.png,76,86,Paris Saint-Germain,https://cdn.sofifa.org/24/17/teams/73.png,€7.5M,€40K,1633
179,208450,Andreas Pereira,20,https://cdn.sofifa.org/48/17/players/208450.png,Brazil,https://cdn.sofifa.org/flags/54.png,76,86,Manchester United,https://cdn.sofifa.org/24/17/teams/11.png,€8.5M,€40K,2049
180,189508,Víctor Vázquez,29,https://cdn.sofifa.org/48/17/players/189508.png,Spain,https://cdn.sofifa.org/flags/45.png,76,76,Toronto FC,https://cdn.sofifa.org/24/17/teams/111651.png,€4.9M,€20K,1854
181,209989,T. Partey,23,https://cdn.sofifa.org/48/17/players/209989.png,Ghana,https://cdn.sofifa.org/flags/117.png,76,82,Atlético Madrid,https://cdn.sofifa.org/24/17/teams/240.png,€6M,€50K,1968
182,176237,J. Altidore,26,https://cdn.sofifa.org/48/17/players/176237.png,United States,https://cdn.sofifa.org/flags/95.png,76,76,Toronto FC,https://cdn.sofifa.org/24/17/teams/111651.png,€5.5M,€50K,1884
183,230767,Renato Sanches,18,https://cdn.sofifa.org/48/17/players/230767.png,Portugal,https://cdn.sofifa.org/flags/38.png,76,86,FC Bayern Munich,https://cdn.sofifa.org/24/17/teams/21.png,€7M,€25K,2111
184,215181,G. Peruzzi,24,https://cdn.sofifa.org/48/17/players/215181.png,Argentina,https://cdn.sofifa.org/flags/52.png,76,79,Boca Juniors,https://cdn.sofifa.org/24/17/teams/1877.png,€5.5M,€50K,1906
185,220814,L. Hernández,20,https://cdn.sofifa.org/48/17/players/220814.png,France,https://cdn.sofifa.org/flags/18.png,76,87,Atlético Madrid,https://cdn.sofifa.org/24/17/teams/240.png,€8M,€40K,1674
186,191655,Kim Seung Gyu,25,https://cdn.sofifa.org/48/17/players/191655.png,Korea Republic,https://cdn.sofifa.org/flags/167.png,76,78,Vissel Kobe,https://cdn.sofifa.org/24/17/teams/101146.png,€5.5M,€15K,1116
187,204233,C. Musonda,19,https://cdn.sofifa.org/48/17/players/204233.png,Belgium,https://cdn.sofifa.org/flags/7.png,76,86,Chelsea,https://cdn.sofifa.org/24/17/teams/5.png,€7.5M,€40K,1695
188,186569,S. Ulreich,27,https://cdn.sofifa.org/48/17/players/186569.png,Germany,https://cdn.sofifa.org/flags/21.png,76,76,FC Bayern Munich,https://cdn.sofifa.org/24/17/teams/21.png,€4.3M,€70K,1074
189,209610,J. Vázquez,28,https://cdn.sofifa.org/48/17/players/209610.png,Mexico,https://cdn.sofifa.org/flags/83.png,76,76,Guadalajara,https://cdn.sofifa.org/24/17/teams/1880.png,€4.1M,€35K,1972
190,229593,M. Pjaca,21,https://cdn.sofifa.org/48/17/players/229593.png,Croatia,https://cdn.sofifa.org/flags/10.png,76,86,Juventus,https://cdn.sofifa.org/24/17/teams/45.png,€8.5M,€50K,1902
191,206058,M. De Sciglio,23,https://cdn.sofifa.org/48/17/players/206058.png,Italy,https://cdn.sofifa.org/flags/27.png,76,81,Juventus,https://cdn.sofifa.org/24/17/teams/45.png,€6M,€50K,1900
192,184575,R. Alessandrini,27,https://cdn.sofifa.org/48/17/players/184575.png,France,https://cdn.sofifa.org/flags/18.png,76,76,LA Galaxy,https://cdn.sofifa.org/24/17/teams/697.png,€5M,€40K,1961
193,163873,Eduardo,33,https://cdn.sofifa.org/48/17/players/163873.png,Portugal,https://cdn.sofifa.org/flags/38.png,75,75,Chelsea,https://cdn.sofifa.org/24/17/teams/5.png,€2.9M,€30K,1245
194,224574,O. Pineda,20,https://cdn.sofifa.org/48/17/players/224574.png,Mexico,https://cdn.sofifa.org/flags/83.png,75,83,Guadalajara,https://cdn.sofifa.org/24/17/teams/1880.png,€6M,€8K,2011
195,210761,R. Pizarro,22,https://cdn.sofifa.org/48/17/players/210761.png,Mexico,https://cdn.sofifa.org/flags/83.png,75,82,Guadalajara,https://cdn.sofifa.org/24/17/teams/1880.png,€5.5M,€15K,2052
196,214606,S. Pérez,23,https://cdn.sofifa.org/48/17/players/214606.png,Colombia,https://cdn.sofifa.org/flags/56.png,75,80,Boca Juniors,https://cdn.sofifa.org/24/17/teams/1877.png,€5.5M,€40K,1944
197,223066,A. Chávez,25,https://cdn.sofifa.org/48/17/players/223066.png,Argentina,https://cdn.sofifa.org/flags/52.png,75,78,Boca Juniors,https://cdn.sofifa.org/24/17/teams/1877.png,€5M,€45K,1927
198,192930,A. Pulido,25,https://cdn.sofifa.org/48/17/players/192930.png,Mexico,https://cdn.sofifa.org/flags/83.png,75,77,Guadalajara,https://cdn.sofifa.org/24/17/teams/1880.png,€5M,€20K,1839
199,173228,Siqueira,30,https://cdn.sofifa.org/48/17/players/173228.png,Brazil,https://cdn.sofifa.org/flags/54.png,75,75,Atlético Madrid,https://cdn.sofifa.org/24/17/teams/240.png,€2.9M,€40K,2016
200,225719,K. Iheanacho,19,https://cdn.sofifa.org/48/17/players/225719.png,Nigeria,https://cdn.sofifa.org/flags/133.png,75,88,Manchester City,https://cdn.sofifa.org/24/17/teams/10.png,€7.5M,€35K,1771
201,190653,I. Brizuela,25,https://cdn.sofifa.org/48/17/players/190653.png,Mexico,https://cdn.sofifa.org/flags/83.png,75,75,Guadalajara,https://cdn.sofifa.org/24/17/teams/1880.png,€4.3M,€20K,1882
202,232656,T. Hernández,18,https://cdn.sofifa.org/48/17/players/232656.png,France,https://cdn.sofifa.org/flags/18.png,75,85,Real Madrid CF,https://cdn.sofifa.org/24/17/teams/243.png,€4.7M,€15K,1791
203,220883,R. Borré,20,https://cdn.sofifa.org/48/17/players/220883.png,Colombia,https://cdn.sofifa.org/flags/56.png,75,84,Atlético Madrid,https://cdn.sofifa.org/24/17/teams/240.png,€6.5M,€35K,1901
204,214763,P. Goltz,31,https://cdn.sofifa.org/48/17/players/214763.png,Argentina,https://cdn.sofifa.org/flags/52.png,75,75,Boca Juniors,https://cdn.sofifa.org/24/17/teams/1877.png,€2.7M,€35K,1887
205,224254,C. Pavón,20,https://cdn.sofifa.org/48/17/players/224254.png,Argentina,https://cdn.sofifa.org/flags/52.png,75,84,Boca Juniors,https://cdn.sofifa.org/24/17/teams/1877.png,€6.5M,€35K,1838
206,204050,S. Vergini,27,https://cdn.sofifa.org/48/17/players/204050.png,Argentina,https://cdn.sofifa.org/flags/52.png,74,76,Boca Juniors,https://cdn.sofifa.org/24/17/teams/1877.png,€3.2M,€40K,1650
207,220182,J. Denayer,21,https://cdn.sofifa.org/48/17/players/220182.png,Belgium,https://cdn.sofifa.org/flags/7.png,74,84,Manchester City,https://cdn.sofifa.org/24/17/teams/10.png,€4.8M,€30K,1722
208,211504,L. Baker,21,https://cdn.sofifa.org/48/17/players/211504.png,England,https://cdn.sofifa.org/flags/14.png,74,82,Chelsea,https://cdn.sofifa.org/24/17/teams/5.png,€4.9M,€30K,1994
209,152908,A. Young,30,https://cdn.sofifa.org/48/17/players/152908.png,England,https://cdn.sofifa.org/flags/14.png,74,74,Manchester United,https://cdn.sofifa.org/24/17/teams/11.png,€2.4M,€40K,2069
210,192342,E. Cardona,23,https://cdn.sofifa.org/48/17/players/192342.png,Colombia,https://cdn.sofifa.org/flags/56.png,74,78,Boca Juniors,https://cdn.sofifa.org/24/17/teams/1877.png,€4.5M,€40K,1910
211,214394,W. Barrios,22,https://cdn.sofifa.org/48/17/players/214394.png,Colombia,https://cdn.sofifa.org/flags/56.png,74,82,Boca Juniors,https://cdn.sofifa.org/24/17/teams/1877.png,€4.3M,€30K,1767
212,224411,Gonçalo Guedes,19,https://cdn.sofifa.org/48/17/players/224411.png,Portugal,https://cdn.sofifa.org/flags/38.png,74,82,Paris Saint-Germain,https://cdn.sofifa.org/24/17/teams/73.png,€4.6M,€30K,1919
213,233631,A. Ndiaye Diedhiou,19,https://cdn.sofifa.org/48/17/players/233631.png,Senegal,https://cdn.sofifa.org/flags/136.png,74,87,Atlético Madrid,https://cdn.sofifa.org/24/17/teams/240.png,€6M,€30K,1850
214,215212,G. Sara,28,https://cdn.sofifa.org/48/17/players/215212.png,Argentina,https://cdn.sofifa.org/flags/52.png,74,74,Boca Juniors,https://cdn.sofifa.org/24/17/teams/1877.png,€2.9M,€40K,1206
215,226226,G. Lo Celso,20,https://cdn.sofifa.org/48/17/players/226226.png,Argentina,https://cdn.sofifa.org/flags/52.png,74,86,Paris Saint-Germain,https://cdn.sofifa.org/24/17/teams/73.png,€6M,€30K,1841
216,153060,J. Insaurralde,31,https://cdn.sofifa.org/48/17/players/153060.png,Argentina,https://cdn.sofifa.org/flags/52.png,74,74,Boca Juniors,https://cdn.sofifa.org/24/17/teams/1877.png,€2.2M,€30K,1628
217,228635,Borja Mayoral,19,https://cdn.sofifa.org/48/17/players/228635.png,Spain,https://cdn.sofifa.org/flags/45.png,73,85,Real Madrid CF,https://cdn.sofifa.org/24/17/teams/243.png,€4.8M,€30K,1618
218,221982,P. Roberts,19,https://cdn.sofifa.org/48/17/players/221982.png,England,https://cdn.sofifa.org/flags/14.png,73,84,Manchester City,https://cdn.sofifa.org/24/17/teams/10.png,€4.4M,€25K,1669
219,215331,L. Jara,25,https://cdn.sofifa.org/48/17/players/215331.png,Argentina,https://cdn.sofifa.org/flags/52.png,73,76,Boca Juniors,https://cdn.sofifa.org/24/17/teams/1877.png,€2.9M,€35K,1910
220,231485,A. Tuanzebe,18,https://cdn.sofifa.org/48/17/players/231485.png,England,https://cdn.sofifa.org/flags/14.png,73,86,Manchester United,https://cdn.sofifa.org/24/17/teams/11.png,€4.2M,€10K,1721
221,232270,T. Fosu-Mensah,18,https://cdn.sofifa.org/48/17/players/232270.png,Netherlands,https://cdn.sofifa.org/flags/34.png,73,85,Manchester United,https://cdn.sofifa.org/24/17/teams/11.png,€3.8M,€10K,1937
222,187478,J. Pereira,29,https://cdn.sofifa.org/48/17/players/187478.png,Mexico,https://cdn.sofifa.org/flags/83.png,73,73,Guadalajara,https://cdn.sofifa.org/24/17/teams/1880.png,€2.2M,€15K,1634
223,215639,Kenedy,20,https://cdn.sofifa.org/48/17/players/215639.png,Brazil,https://cdn.sofifa.org/flags/54.png,73,83,Chelsea,https://cdn.sofifa.org/24/17/teams/5.png,€4.6M,€25K,1869
224,214727,A. Zaldívar,22,https://cdn.sofifa.org/48/17/players/214727.png,Mexico,https://cdn.sofifa.org/flags/83.png,73,78,Guadalajara,https://cdn.sofifa.org/24/17/teams/1880.png,€4M,€15K,1829
225,112847,J. Jones,34,https://cdn.sofifa.org/48/17/players/112847.png,United States,https://cdn.sofifa.org/flags/95.png,73,73,LA Galaxy,https://cdn.sofifa.org/24/17/teams/697.png,€1.4M,€5K,2040
226,207624,K. Omeruo,22,https://cdn.sofifa.org/48/17/players/207624.png,Nigeria,https://cdn.sofifa.org/flags/133.png,72,79,Chelsea,https://cdn.sofifa.org/24/17/teams/5.png,€2.6M,€20K,1634
227,34079,A. Cole,35,https://cdn.sofifa.org/48/17/players/34079.png,England,https://cdn.sofifa.org/flags/14.png,72,72,LA Galaxy,https://cdn.sofifa.org/24/17/teams/697.png,€325K,€5K,1885
228,187705,E. Hernández,29,https://cdn.sofifa.org/48/17/players/187705.png,Mexico,https://cdn.sofifa.org/flags/83.png,72,72,Guadalajara,https://cdn.sofifa.org/24/17/teams/1880.png,€1.6M,€8K,1911
229,210315,De Tomás,21,https://cdn.sofifa.org/48/17/players/210315.png,Spain,https://cdn.sofifa.org/flags/45.png,72,78,Real Madrid CF,https://cdn.sofifa.org/24/17/teams/243.png,€3M,€25K,1705
230,199570,J. Sánchez,26,https://cdn.sofifa.org/48/17/players/199570.png,Mexico,https://cdn.sofifa.org/flags/83.png,72,73,Guadalajara,https://cdn.sofifa.org/24/17/teams/1880.png,€2M,€15K,1907
231,224422,J. Boga,19,https://cdn.sofifa.org/48/17/players/224422.png,Ivory Coast,https://cdn.sofifa.org/flags/108.png,72,82,Chelsea,https://cdn.sofifa.org/24/17/teams/5.png,€3M,€20K,1872
232,217007,M. Thiam,23,https://cdn.sofifa.org/48/17/players/217007.png,Senegal,https://cdn.sofifa.org/flags/136.png,72,76,Juventus,https://cdn.sofifa.org/24/17/teams/45.png,€2.8M,€25K,1764
233,227813,O. Zinchenko,19,https://cdn.sofifa.org/48/17/players/227813.png,Ukraine,https://cdn.sofifa.org/flags/49.png,72,82,Manchester City,https://cdn.sofifa.org/24/17/teams/10.png,€3.1M,€20K,1896
234,201447,S. Lletget,23,https://cdn.sofifa.org/48/17/players/201447.png,United States,https://cdn.sofifa.org/flags/95.png,72,76,LA Galaxy,https://cdn.sofifa.org/24/17/teams/697.png,€2.7M,€10K,1784
235,186098,R. Cota,28,https://cdn.sofifa.org/48/17/players/186098.png,Mexico,https://cdn.sofifa.org/flags/83.png,72,72,Guadalajara,https://cdn.sofifa.org/24/17/teams/1880.png,€1.8M,€15K,1219
236,224510,W. Bou,22,https://cdn.sofifa.org/48/17/players/224510.png,Argentina,https://cdn.sofifa.org/flags/52.png,72,79,Boca Juniors,https://cdn.sofifa.org/24/17/teams/1877.png,€3.1M,€25K,1707
237,202547,J. Bahebeck,23,https://cdn.sofifa.org/48/17/players/202547.png,France,https://cdn.sofifa.org/flags/18.png,71,74,Paris Saint-Germain,https://cdn.sofifa.org/24/17/teams/73.png,€2.1M,€25K,1822
238,213557,João Pedro,23,https://cdn.sofifa.org/48/17/players/213557.png,Portugal,https://cdn.sofifa.org/flags/38.png,71,78,LA Galaxy,https://cdn.sofifa.org/24/17/teams/697.png,€2.3M,€10K,1917
239,198000,J. Morrow,28,https://cdn.sofifa.org/48/17/players/198000.png,United States,https://cdn.sofifa.org/flags/95.png,71,71,Toronto FC,https://cdn.sofifa.org/24/17/teams/111651.png,€1.3M,€15K,1899
240,187013,O. Alanís,27,https://cdn.sofifa.org/48/17/players/187013.png,Mexico,https://cdn.sofifa.org/flags/83.png,71,71,Guadalajara,https://cdn.sofifa.org/24/17/teams/1880.png,€1.3M,€15K,1745
241,184972,Nílton,29,https://cdn.sofifa.org/48/17/players/184972.png,Brazil,https://cdn.sofifa.org/flags/54.png,71,71,Vissel Kobe,https://cdn.sofifa.org/24/17/teams/101146.png,€1.2M,€2K,1953
242,191389,Leandro,31,https://cdn.sofifa.org/48/17/players/191389.png,Brazil,https://cdn.sofifa.org/flags/54.png,71,71,Vissel Kobe,https://cdn.sofifa.org/24/17/teams/101146.png,€1.4M,€5K,1693
243,164529,D. Moor,32,https://cdn.sofifa.org/48/17/players/164529.png,United States,https://cdn.sofifa.org/flags/95.png,71,71,Toronto FC,https://cdn.sofifa.org/24/17/teams/111651.png,€950K,€8K,1739
244,213445,E. López,21,https://cdn.sofifa.org/48/17/players/213445.png,Mexico,https://cdn.sofifa.org/flags/83.png,71,77,Guadalajara,https://cdn.sofifa.org/24/17/teams/1880.png,€2.3M,€10K,1717
245,232411,C. Nkunku,18,https://cdn.sofifa.org/48/17/players/232411.png,France,https://cdn.sofifa.org/flags/18.png,71,82,Paris Saint-Germain,https://cdn.sofifa.org/24/17/teams/73.png,€2.4M,€6K,1851
246,139229,C. Salcido,36,https://cdn.sofifa.org/48/17/players/139229.png,Mexico,https://cdn.sofifa.org/flags/83.png,71,71,Guadalajara,https://cdn.sofifa.org/24/17/teams/1880.png,€0,€2K,1869
247,212710,Joel Pereira,20,https://cdn.sofifa.org/48/17/players/212710.png,Portugal,https://cdn.sofifa.org/flags/38.png,71,84,Manchester United,https://cdn.sofifa.org/24/17/teams/11.png,€2.8M,€20K,1048
248,212478,G. Zardes,24,https://cdn.sofifa.org/48/17/players/212478.png,United States,https://cdn.sofifa.org/flags/95.png,71,72,LA Galaxy,https://cdn.sofifa.org/24/17/teams/697.png,€2M,€15K,1806
249,217647,J. Tanaka,28,https://cdn.sofifa.org/48/17/players/217647.png,Japan,https://cdn.sofifa.org/flags/163.png,70,70,Vissel Kobe,https://cdn.sofifa.org/24/17/teams/101146.png,€1.4M,€15K,1793
250,217653,H. Takahashi,28,https://cdn.sofifa.org/48/17/players/217653.png,Japan,https://cdn.sofifa.org/flags/163.png,70,70,Vissel Kobe,https://cdn.sofifa.org/24/17/teams/101146.png,€1.1M,€8K,1755
251,211263,L. Magallán,22,https://cdn.sofifa.org/48/17/players/211263.png,Argentina,https://cdn.sofifa.org/flags/52.png,70,77,Boca Juniors,https://cdn.sofifa.org/24/17/teams/1877.png,€1.6M,€20K,1595
252,191552,M. Inoha,30,https://cdn.sofifa.org/48/17/players/191552.png,Japan,https://cdn.sofifa.org/flags/163.png,70,70,Vissel Kobe,https://cdn.sofifa.org/24/17/teams/101146.png,€950K,€2K,1713
253,231535,C. Borthwick-Jackson,19,https://cdn.sofifa.org/48/17/players/231535.png,England,https://cdn.sofifa.org/flags/14.png,70,82,Manchester United,https://cdn.sofifa.org/24/17/teams/11.png,€1.9M,€20K,1754
254,215155,F. Zuqui,24,https://cdn.sofifa.org/48/17/players/215155.png,Argentina,https://cdn.sofifa.org/flags/52.png,70,73,Boca Juniors,https://cdn.sofifa.org/24/17/teams/1877.png,€1.7M,€25K,1796
255,207739,M. Havenaar,29,https://cdn.sofifa.org/48/17/players/207739.png,Japan,https://cdn.sofifa.org/flags/163.png,70,70,Vissel Kobe,https://cdn.sofifa.org/24/17/teams/101146.png,€1.3M,€8K,1541
256,233866,O. Edouard,18,https://cdn.sofifa.org/48/17/players/233866.png,France,https://cdn.sofifa.org/flags/18.png,70,82,Paris Saint-Germain,https://cdn.sofifa.org/24/17/teams/73.png,€2.1M,€10K,1790
257,210358,A. Brignoli,24,https://cdn.sofifa.org/48/17/players/210358.png,Italy,https://cdn.sofifa.org/flags/27.png,70,72,Juventus,https://cdn.sofifa.org/24/17/teams/45.png,€1.4M,€25K,1034
258,232894,T. Iwanami,22,https://cdn.sofifa.org/48/17/players/232894.png,Japan,https://cdn.sofifa.org/flags/163.png,70,77,Vissel Kobe,https://cdn.sofifa.org/24/17/teams/101146.png,€1.6M,€1K,1537
259,235212,A. Hakimi,17,https://cdn.sofifa.org/48/17/players/235212.png,Morocco,https://cdn.sofifa.org/flags/129.png,70,81,Real Madrid CF,https://cdn.sofifa.org/24/17/teams/243.png,€1.6M,€6K,1838
260,193278,C. Mavinga,25,https://cdn.sofifa.org/48/17/players/193278.png,DR Congo,https://cdn.sofifa.org/flags/110.png,70,71,Toronto FC,https://cdn.sofifa.org/24/17/teams/111651.png,€1.3M,€10K,1719
261,232451,H. Watanabe,28,https://cdn.sofifa.org/48/17/players/232451.png,Japan,https://cdn.sofifa.org/flags/163.png,69,69,Vissel Kobe,https://cdn.sofifa.org/24/17/teams/101146.png,€800K,€3K,1418
262,217606,E. Boateng,22,https://cdn.sofifa.org/48/17/players/217606.png,Ghana,https://cdn.sofifa.org/flags/117.png,69,74,LA Galaxy,https://cdn.sofifa.org/24/17/teams/697.png,€1.3M,€2K,1733
263,41734,B. Cheyrou,35,https://cdn.sofifa.org/48/17/players/41734.png,France,https://cdn.sofifa.org/flags/18.png,69,69,Toronto FC,https://cdn.sofifa.org/24/17/teams/111651.png,€350K,€1K,1903
264,204332,P. van Anholt,25,https://cdn.sofifa.org/48/17/players/204332.png,Netherlands,https://cdn.sofifa.org/flags/34.png,69,72,LA Galaxy,https://cdn.sofifa.org/24/17/teams/697.png,€1M,€4K,1891
265,202073,E. Zavaleta,23,https://cdn.sofifa.org/48/17/players/202073.png,United States,https://cdn.sofifa.org/flags/95.png,69,72,Toronto FC,https://cdn.sofifa.org/24/17/teams/111651.png,€1.1M,€4K,1751
266,198288,S. Beitashour,29,https://cdn.sofifa.org/48/17/players/198288.png,Iran,https://cdn.sofifa.org/flags/161.png,69,69,Toronto FC,https://cdn.sofifa.org/24/17/teams/111651.png,€750K,€3K,1860
267,189342,C. Pinsoglio,26,https://cdn.sofifa.org/48/17/players/189342.png,Italy,https://cdn.sofifa.org/flags/27.png,69,69,Juventus,https://cdn.sofifa.org/24/17/teams/45.png,€875K,€10K,1062
268,225439,R. Mandragora,19,https://cdn.sofifa.org/48/17/players/225439.png,Italy,https://cdn.sofifa.org/flags/27.png,69,82,Juventus,https://cdn.sofifa.org/24/17/teams/45.png,€1.8M,€6K,1833
269,215213,A. Werner,20,https://cdn.sofifa.org/48/17/players/215213.png,Argentina,https://cdn.sofifa.org/flags/52.png,69,81,Atlético Madrid,https://cdn.sofifa.org/24/17/teams/240.png,€1.6M,€6K,1135
270,179652,R. Rogers,29,https://cdn.sofifa.org/48/17/players/179652.png,United States,https://cdn.sofifa.org/flags/95.png,69,69,LA Galaxy,https://cdn.sofifa.org/24/17/teams/697.png,€750K,€4K,1876
271,227535,R. Bentancur,19,https://cdn.sofifa.org/48/17/players/227535.png,Uruguay,https://cdn.sofifa.org/flags/60.png,69,83,Juventus,https://cdn.sofifa.org/24/17/teams/45.png,€2.1M,€6K,1760
272,219605,C. Cuevas,21,https://cdn.sofifa.org/48/17/players/219605.png,Chile,https://cdn.sofifa.org/flags/55.png,69,75,Chelsea,https://cdn.sofifa.org/24/17/teams/5.png,€1.2M,€8K,1871
273,232926,K. Watanabe,29,https://cdn.sofifa.org/48/17/players/232926.png,Japan,https://cdn.sofifa.org/flags/163.png,69,69,Vissel Kobe,https://cdn.sofifa.org/24/17/teams/101146.png,€950K,€1K,1688
274,221680,N. Hagglund,23,https://cdn.sofifa.org/48/17/players/221680.png,United States,https://cdn.sofifa.org/flags/95.png,69,73,Toronto FC,https://cdn.sofifa.org/24/17/teams/111651.png,€1.1M,€4K,1583
275,214776,O. Benítez,23,https://cdn.sofifa.org/48/17/players/214776.png,Argentina,https://cdn.sofifa.org/flags/52.png,69,74,Boca Juniors,https://cdn.sofifa.org/24/17/teams/1877.png,€1.4M,€10K,1854
276,207629,J. Villarreal,22,https://cdn.sofifa.org/48/17/players/207629.png,United States,https://cdn.sofifa.org/flags/95.png,68,73,LA Galaxy,https://cdn.sofifa.org/24/17/teams/697.png,€1.2M,€4K,1838
277,224071,R. Habran,22,https://cdn.sofifa.org/48/17/players/224071.png,France,https://cdn.sofifa.org/flags/18.png,68,74,Paris Saint-Germain,https://cdn.sofifa.org/24/17/teams/73.png,€1.2M,€8K,1794
278,192110,C. Fierro,21,https://cdn.sofifa.org/48/17/players/192110.png,Mexico,https://cdn.sofifa.org/flags/83.png,68,74,Guadalajara,https://cdn.sofifa.org/24/17/teams/1880.png,€1.2M,€4K,1758
279,212079,M. Pérez,23,https://cdn.sofifa.org/48/17/players/212079.png,Mexico,https://cdn.sofifa.org/flags/83.png,68,73,Guadalajara,https://cdn.sofifa.org/24/17/teams/1880.png,€1M,€4K,1813
280,213428,C. Irwin,27,https://cdn.sofifa.org/48/17/players/213428.png,United States,https://cdn.sofifa.org/flags/95.png,68,69,Toronto FC,https://cdn.sofifa.org/24/17/teams/111651.png,€800K,€6K,1209
281,221661,G. Vadalá,19,https://cdn.sofifa.org/48/17/players/221661.png,Argentina,https://cdn.sofifa.org/flags/52.png,68,78,Boca Juniors,https://cdn.sofifa.org/24/17/teams/1877.png,€1.3M,€8K,1599
282,212467,H. Marín,23,https://cdn.sofifa.org/48/17/players/212467.png,Mexico,https://cdn.sofifa.org/flags/83.png,68,72,Guadalajara,https://cdn.sofifa.org/24/17/teams/1880.png,€950K,€4K,1551
283,190720,T. Ricketts,28,https://cdn.sofifa.org/48/17/players/190720.png,Canada,https://cdn.sofifa.org/flags/70.png,67,67,Toronto FC,https://cdn.sofifa.org/24/17/teams/111651.png,€725K,€8K,1589
284,235024,S. Díaz,18,https://cdn.sofifa.org/48/17/players/235024.png,Paraguay,https://cdn.sofifa.org/flags/58.png,67,81,Real Madrid CF,https://cdn.sofifa.org/24/17/teams/243.png,€1.4M,€4K,1684
285,232255,A. Bouzat,22,https://cdn.sofifa.org/48/17/players/232255.png,Argentina,https://cdn.sofifa.org/flags/52.png,67,75,Boca Juniors,https://cdn.sofifa.org/24/17/teams/1877.png,€1.1M,€8K,1711
286,209761,D. Steres,25,https://cdn.sofifa.org/48/17/players/209761.png,United States,https://cdn.sofifa.org/flags/95.png,67,70,LA Galaxy,https://cdn.sofifa.org/24/17/teams/697.png,€750K,€4K,1498
287,190568,B. Hušidić,29,https://cdn.sofifa.org/48/17/players/190568.png,Bosnia Herzegovina,https://cdn.sofifa.org/flags/8.png,67,67,LA Galaxy,https://cdn.sofifa.org/24/17/teams/697.png,€675K,€3K,1800
288,211067,D. Del Fabro,21,https://cdn.sofifa.org/48/17/players/211067.png,Italy,https://cdn.sofifa.org/flags/27.png,67,76,Juventus,https://cdn.sofifa.org/24/17/teams/45.png,€975K,€8K,1461
289,215163,A. Cooper,28,https://cdn.sofifa.org/48/17/players/215163.png,Panama,https://cdn.sofifa.org/flags/87.png,67,67,Toronto FC,https://cdn.sofifa.org/24/17/teams/111651.png,€700K,€6K,1876
290,234927,R. Edwards,20,https://cdn.sofifa.org/48/17/players/234927.png,Canada,https://cdn.sofifa.org/flags/70.png,67,79,Toronto FC,https://cdn.sofifa.org/24/17/teams/111651.png,€1.3M,€2K,1799
291,219836,Rubén Yáñez,22,https://cdn.sofifa.org/48/17/players/219836.png,Spain,https://cdn.sofifa.org/flags/45.png,67,75,Real Madrid CF,https://cdn.sofifa.org/24/17/teams/243.png,€925K,€8K,1106
292,213439,J. Osorio,24,https://cdn.sofifa.org/48/17/players/213439.png,Canada,https://cdn.sofifa.org/flags/70.png,67,71,Toronto FC,https://cdn.sofifa.org/24/17/teams/111651.png,€925K,€4K,1792
293,208592,M. Delgado,21,https://cdn.sofifa.org/48/17/players/208592.png,United States,https://cdn.sofifa.org/flags/95.png,67,73,Toronto FC,https://cdn.sofifa.org/24/17/teams/111651.png,€975K,€2K,1815
294,226786,A. Bono,22,https://cdn.sofifa.org/48/17/players/226786.png,United States,https://cdn.sofifa.org/flags/95.png,67,74,Toronto FC,https://cdn.sofifa.org/24/17/teams/111651.png,€875K,€2K,1135
295,211433,F. Evangelista,24,https://cdn.sofifa.org/48/17/players/211433.png,Argentina,https://cdn.sofifa.org/flags/52.png,67,71,Boca Juniors,https://cdn.sofifa.org/24/17/teams/1877.png,€800K,€8K,1756
296,164618,J. Hernandez,32,https://cdn.sofifa.org/48/17/players/164618.png,Puerto Rico,https://cdn.sofifa.org/flags/88.png,66,66,Toronto FC,https://cdn.sofifa.org/24/17/teams/111651.png,€350K,€2K,1572
297,210711,B. Rowe,27,https://cdn.sofifa.org/48/17/players/210711.png,United States,https://cdn.sofifa.org/flags/95.png,66,67,LA Galaxy,https://cdn.sofifa.org/24/17/teams/697.png,€575K,€4K,1125
298,237335,G. Kastanos,18,https://cdn.sofifa.org/48/17/players/237335.png,Cyprus,https://cdn.sofifa.org/flags/11.png,66,82,Juventus,https://cdn.sofifa.org/24/17/teams/45.png,€1.2M,€2K,1598
299,231979,T. Endoh,22,https://cdn.sofifa.org/48/17/players/231979.png,Japan,https://cdn.sofifa.org/flags/163.png,66,72,Toronto FC,https://cdn.sofifa.org/24/17/teams/111651.png,€850K,€2K,1638
300,197165,J. McInerney,23,https://cdn.sofifa.org/48/17/players/197165.png,United States,https://cdn.sofifa.org/flags/95.png,66,67,LA Galaxy,https://cdn.sofifa.org/24/17/teams/697.png,€775K,€3K,1735
301,233775,N. Benegas,20,https://cdn.sofifa.org/48/17/players/233775.png,Argentina,https://cdn.sofifa.org/flags/52.png,66,77,Boca Juniors,https://cdn.sofifa.org/24/17/teams/1877.png,€1.1M,€5K,1566
302,221794,Wescley,24,https://cdn.sofifa.org/48/17/players/221794.png,Brazil,https://cdn.sofifa.org/flags/54.png,66,69,Vissel Kobe,https://cdn.sofifa.org/24/17/teams/101146.png,€800K,€2K,1673
303,234108,G. Maroni,17,https://cdn.sofifa.org/48/17/players/234108.png,Argentina,https://cdn.sofifa.org/flags/52.png,66,80,Boca Juniors,https://cdn.sofifa.org/24/17/teams/1877.png,€1.2M,€2K,1657
304,204438,C. Diop,22,https://cdn.sofifa.org/48/17/players/204438.png,Senegal,https://cdn.sofifa.org/flags/136.png,66,72,LA Galaxy,https://cdn.sofifa.org/24/17/teams/697.png,€725K,€2K,1057
305,231856,Álvaro Tejero,19,https://cdn.sofifa.org/48/17/players/231856.png,Spain,https://cdn.sofifa.org/flags/45.png,66,78,Real Madrid CF,https://cdn.sofifa.org/24/17/teams/243.png,€875K,€4K,1764
306,227275,A. Rossi,20,https://cdn.sofifa.org/48/17/players/227275.png,Argentina,https://cdn.sofifa.org/flags/52.png,66,77,Boca Juniors,https://cdn.sofifa.org/24/17/teams/1877.png,€950K,€4K,1076
307,232909,S. Takahashi,26,https://cdn.sofifa.org/48/17/players/232909.png,Japan,https://cdn.sofifa.org/flags/163.png,66,66,Vissel Kobe,https://cdn.sofifa.org/24/17/teams/101146.png,€525K,€2K,1632
308,234463,N. Solís,22,https://cdn.sofifa.org/48/17/players/234463.png,Argentina,https://cdn.sofifa.org/flags/52.png,66,75,Boca Juniors,https://cdn.sofifa.org/24/17/teams/1877.png,€975K,€6K,1585
309,231410,Brahim Díaz,17,https://cdn.sofifa.org/48/17/players/231410.png,Spain,https://cdn.sofifa.org/flags/45.png,66,85,Manchester City,https://cdn.sofifa.org/24/17/teams/10.png,€1.2M,€2K,1533
310,232440,Caio Henrique,18,https://cdn.sofifa.org/48/17/players/232440.png,Brazil,https://cdn.sofifa.org/flags/54.png,66,83,Atlético Madrid,https://cdn.sofifa.org/24/17/teams/240.png,€1.2M,€2K,1597
311,205863,B. Diallo,25,https://cdn.sofifa.org/48/17/players/205863.png,France,https://cdn.sofifa.org/flags/18.png,65,65,LA Galaxy,https://cdn.sofifa.org/24/17/teams/697.png,€450K,€2K,1561
312,221502,J. Hamilton,20,https://cdn.sofifa.org/48/17/players/221502.png,Canada,https://cdn.sofifa.org/flags/70.png,65,73,Toronto FC,https://cdn.sofifa.org/24/17/teams/111651.png,€800K,€2K,1551
313,229195,L. Callegari,18,https://cdn.sofifa.org/48/17/players/229195.png,France,https://cdn.sofifa.org/flags/18.png,65,82,Paris Saint-Germain,https://cdn.sofifa.org/24/17/teams/73.png,€925K,€2K,1690
314,187218,M. Jiménez,26,https://cdn.sofifa.org/48/17/players/187218.png,Mexico,https://cdn.sofifa.org/flags/83.png,65,67,Guadalajara,https://cdn.sofifa.org/24/17/teams/1880.png,€525K,€4K,1011
315,237692,P. Foden,16,https://cdn.sofifa.org/48/17/players/237692.png,England,https://cdn.sofifa.org/flags/14.png,65,84,Manchester City,https://cdn.sofifa.org/24/17/teams/10.png,€1M,€1K,1691
316,232620,K. Omori,24,https://cdn.sofifa.org/48/17/players/232620.png,Japan,https://cdn.sofifa.org/flags/163.png,65,67,Vissel Kobe,https://cdn.sofifa.org/24/17/teams/101146.png,€650K,€1K,1607
317,226775,J. Chapman,22,https://cdn.sofifa.org/48/17/players/226775.png,Canada,https://cdn.sofifa.org/flags/70.png,65,73,Toronto FC,https://cdn.sofifa.org/24/17/teams/111651.png,€775K,€2K,1743
318,232939,Y. Nakasaka,18,https://cdn.sofifa.org/48/17/players/232939.png,Japan,https://cdn.sofifa.org/flags/163.png,65,79,Vissel Kobe,https://cdn.sofifa.org/24/17/teams/101146.png,€1M,€1K,1714
319,229879,D. Romney,23,https://cdn.sofifa.org/48/17/players/229879.png,United States,https://cdn.sofifa.org/flags/95.png,65,72,LA Galaxy,https://cdn.sofifa.org/24/17/teams/697.png,€650K,€2K,1496
320,233774,A. Messidoro,19,https://cdn.sofifa.org/48/17/players/233774.png,Argentina,https://cdn.sofifa.org/flags/52.png,64,79,Boca Juniors,https://cdn.sofifa.org/24/17/teams/1877.png,€900K,€5K,1652
321,236610,M. Kean,16,https://cdn.sofifa.org/48/17/players/236610.png,Italy,https://cdn.sofifa.org/flags/27.png,64,86,Juventus,https://cdn.sofifa.org/24/17/teams/45.png,€925K,€1K,1524
322,203338,A. Morgan,25,https://cdn.sofifa.org/48/17/players/203338.png,Canada,https://cdn.sofifa.org/flags/70.png,64,65,Toronto FC,https://cdn.sofifa.org/24/17/teams/111651.png,€400K,€2K,1678
323,211322,J. Untersee,22,https://cdn.sofifa.org/48/17/players/211322.png,Switzerland,https://cdn.sofifa.org/flags/47.png,64,70,Juventus,https://cdn.sofifa.org/24/17/teams/45.png,€500K,€5K,1558
324,230012,Gustavo Hebling,20,https://cdn.sofifa.org/48/17/players/230012.png,Brazil,https://cdn.sofifa.org/flags/54.png,64,73,Paris Saint-Germain,https://cdn.sofifa.org/24/17/teams/73.png,€650K,€4K,1752
325,228813,Aleix García,19,https://cdn.sofifa.org/48/17/players/228813.png,Spain,https://cdn.sofifa.org/flags/45.png,64,81,Manchester City,https://cdn.sofifa.org/24/17/teams/10.png,€875K,€4K,1652
326,232922,S. Kobayashi,22,https://cdn.sofifa.org/48/17/players/232922.png,Japan,https://cdn.sofifa.org/flags/163.png,64,72,Vissel Kobe,https://cdn.sofifa.org/24/17/teams/101146.png,€625K,€1K,1557
327,232929,M. Mihara,27,https://cdn.sofifa.org/48/17/players/232929.png,Japan,https://cdn.sofifa.org/flags/163.png,64,64,Vissel Kobe,https://cdn.sofifa.org/24/17/teams/101146.png,€425K,€2K,1658
328,202467,J. McBean,21,https://cdn.sofifa.org/48/17/players/202467.png,United States,https://cdn.sofifa.org/flags/95.png,64,74,LA Galaxy,https://cdn.sofifa.org/24/17/teams/697.png,€725K,€2K,1579
329,212468,J. Basulto,24,https://cdn.sofifa.org/48/17/players/212468.png,Mexico,https://cdn.sofifa.org/flags/83.png,64,67,Guadalajara,https://cdn.sofifa.org/24/17/teams/1880.png,€475K,€2K,1584
330,237310,D. Mitchell,19,https://cdn.sofifa.org/48/17/players/237310.png,England,https://cdn.sofifa.org/flags/14.png,64,80,Manchester United,https://cdn.sofifa.org/24/17/teams/11.png,€800K,€4K,1731
331,235266,C. Früchtl,16,https://cdn.sofifa.org/48/17/players/235266.png,Germany,https://cdn.sofifa.org/flags/21.png,63,85,FC Bayern Munich,https://cdn.sofifa.org/24/17/teams/21.png,€650K,€1K,888
332,237595,M. Friedl,18,https://cdn.sofifa.org/48/17/players/237595.png,Austria,https://cdn.sofifa.org/flags/4.png,63,79,FC Bayern Munich,https://cdn.sofifa.org/24/17/teams/21.png,€575K,€1K,1548
333,235825,M. Benítez,20,https://cdn.sofifa.org/48/17/players/235825.png,Mexico,https://cdn.sofifa.org/flags/83.png,63,77,Guadalajara,https://cdn.sofifa.org/24/17/teams/1880.png,€750K,€1K,1616
334,207967,R. Garcia,27,https://cdn.sofifa.org/48/17/players/207967.png,United States,https://cdn.sofifa.org/flags/95.png,63,63,LA Galaxy,https://cdn.sofifa.org/24/17/teams/697.png,€270K,€3K,1817
335,233084,N. Molina Lucero,18,https://cdn.sofifa.org/48/17/players/233084.png,Argentina,https://cdn.sofifa.org/flags/52.png,63,75,Boca Juniors,https://cdn.sofifa.org/24/17/teams/1877.png,€450K,€1K,1590
336,222078,B. Jamieson IV,19,https://cdn.sofifa.org/48/17/players/222078.png,United States,https://cdn.sofifa.org/flags/95.png,63,74,LA Galaxy,https://cdn.sofifa.org/24/17/teams/697.png,€525K,€1K,1597
337,237698,C. Gribbin,17,https://cdn.sofifa.org/48/17/players/237698.png,England,https://cdn.sofifa.org/flags/14.png,63,81,Manchester United,https://cdn.sofifa.org/24/17/teams/11.png,€650K,€2K,1630
338,234371,R. Descamps,20,https://cdn.sofifa.org/48/17/players/234371.png,France,https://cdn.sofifa.org/flags/18.png,63,71,Paris Saint-Germain,https://cdn.sofifa.org/24/17/teams/73.png,€425K,€3K,841
339,237699,Z. Dearnley,17,https://cdn.sofifa.org/48/17/players/237699.png,England,https://cdn.sofifa.org/flags/14.png,63,80,Manchester United,https://cdn.sofifa.org/24/17/teams/11.png,€650K,€2K,1576
340,222104,T. Adarabioyo,18,https://cdn.sofifa.org/48/17/players/222104.png,England,https://cdn.sofifa.org/flags/14.png,63,83,Manchester City,https://cdn.sofifa.org/24/17/teams/10.png,€575K,€1K,1416
341,237238,S. McTominay,19,https://cdn.sofifa.org/48/17/players/237238.png,Scotland,https://cdn.sofifa.org/flags/42.png,63,77,Manchester United,https://cdn.sofifa.org/24/17/teams/11.png,€675K,€3K,1701
342,232916,K. Ogawa,23,https://cdn.sofifa.org/48/17/players/232916.png,Japan,https://cdn.sofifa.org/flags/163.png,63,66,Vissel Kobe,https://cdn.sofifa.org/24/17/teams/101146.png,€425K,€1K,1683
343,239335,Óscar Rodríguez,18,https://cdn.sofifa.org/48/17/players/239335.png,Spain,https://cdn.sofifa.org/flags/45.png,63,79,Real Madrid CF,https://cdn.sofifa.org/24/17/teams/243.png,€650K,€1K,1648
344,239127,A. Mayorga,19,https://cdn.sofifa.org/48/17/players/239127.png,Mexico,https://cdn.sofifa.org/flags/83.png,62,77,Guadalajara,https://cdn.sofifa.org/24/17/teams/1880.png,€525K,€1K,1659
345,227877,R. Pereira de Sa,19,https://cdn.sofifa.org/48/17/players/227877.png,France,https://cdn.sofifa.org/flags/18.png,62,74,Paris Saint-Germain,https://cdn.sofifa.org/24/17/teams/73.png,€450K,€3K,1735
346,236837,N. Schiappacasse,17,https://cdn.sofifa.org/48/17/players/236837.png,Uruguay,https://cdn.sofifa.org/flags/60.png,62,78,Atlético Madrid,https://cdn.sofifa.org/24/17/teams/240.png,€550K,€2K,1440
347,240178,D. Cortés,18,https://cdn.sofifa.org/48/17/players/240178.png,Mexico,https://cdn.sofifa.org/flags/83.png,62,76,Guadalajara,https://cdn.sofifa.org/24/17/teams/1880.png,€475K,€1K,1557
348,239945,F. Beltrán,18,https://cdn.sofifa.org/48/17/players/239945.png,Mexico,https://cdn.sofifa.org/flags/83.png,62,75,Guadalajara,https://cdn.sofifa.org/24/17/teams/1880.png,€475K,€1K,1603
349,235365,Juan Moreno,19,https://cdn.sofifa.org/48/17/players/235365.png,Spain,https://cdn.sofifa.org/flags/45.png,62,71,Atlético Madrid,https://cdn.sofifa.org/24/17/teams/240.png,€375K,€3K,1550
350,235368,E. Torres,18,https://cdn.sofifa.org/48/17/players/235368.png,Mexico,https://cdn.sofifa.org/flags/83.png,62,72,Guadalajara,https://cdn.sofifa.org/24/17/teams/1880.png,€375K,€1K,1499
351,237184,K. Bare,18,https://cdn.sofifa.org/48/17/players/237184.png,Albania,https://cdn.sofifa.org/flags/1.png,62,75,Atlético Madrid,https://cdn.sofifa.org/24/17/teams/240.png,€475K,€2K,1628
352,237957,N. Smith,21,https://cdn.sofifa.org/48/17/players/237957.png,United States,https://cdn.sofifa.org/flags/95.png,62,67,LA Galaxy,https://cdn.sofifa.org/24/17/teams/697.png,€325K,€1K,1585
353,206249,N. Hasler,25,https://cdn.sofifa.org/48/17/players/206249.png,Liechtenstein,https://cdn.sofifa.org/flags/29.png,62,63,Toronto FC,https://cdn.sofifa.org/24/17/teams/111651.png,€325K,€2K,1638
354,236467,F. Götze,18,https://cdn.sofifa.org/48/17/players/236467.png,Germany,https://cdn.sofifa.org/flags/21.png,62,76,FC Bayern Munich,https://cdn.sofifa.org/24/17/teams/21.png,€500K,€1K,1376
355,239544,K. Magaña,18,https://cdn.sofifa.org/48/17/players/239544.png,Mexico,https://cdn.sofifa.org/flags/83.png,62,78,Guadalajara,https://cdn.sofifa.org/24/17/teams/1880.png,€550K,€1K,1531
356,238291,M. Boulahia,19,https://cdn.sofifa.org/48/17/players/238291.png,Algeria,https://cdn.sofifa.org/flags/97.png,62,75,Atlético Madrid,https://cdn.sofifa.org/24/17/teams/240.png,€500K,€4K,1426
357,232919,N. Fujita,29,https://cdn.sofifa.org/48/17/players/232919.png,Japan,https://cdn.sofifa.org/flags/163.png,62,62,Vissel Kobe,https://cdn.sofifa.org/24/17/teams/101146.png,€260K,€1K,1617
358,223962,R. Kongolo,18,https://cdn.sofifa.org/48/17/players/223962.png,Netherlands,https://cdn.sofifa.org/flags/34.png,62,82,Manchester City,https://cdn.sofifa.org/24/17/teams/10.png,€500K,€1K,1596
359,229881,A. Lassiter,21,https://cdn.sofifa.org/48/17/players/229881.png,Costa Rica,https://cdn.sofifa.org/flags/72.png,62,71,LA Galaxy,https://cdn.sofifa.org/24/17/teams/697.png,€450K,€2K,1505
360,240177,B. Galindo,17,https://cdn.sofifa.org/48/17/players/240177.png,Mexico,https://cdn.sofifa.org/flags/83.png,61,77,Guadalajara,https://cdn.sofifa.org/24/17/teams/1880.png,€400K,€1K,1338
361,232756,F. Tomori,18,https://cdn.sofifa.org/48/17/players/232756.png,England,https://cdn.sofifa.org/flags/14.png,61,78,Chelsea,https://cdn.sofifa.org/24/17/teams/5.png,€400K,€1K,1441
362,231227,N. Dorsch,18,https://cdn.sofifa.org/48/17/players/231227.png,Germany,https://cdn.sofifa.org/flags/21.png,61,78,FC Bayern Munich,https://cdn.sofifa.org/24/17/teams/21.png,€400K,€1K,1607
363,231228,F. Benko,18,https://cdn.sofifa.org/48/17/players/231228.png,Germany,https://cdn.sofifa.org/flags/21.png,61,78,FC Bayern Munich,https://cdn.sofifa.org/24/17/teams/21.png,€450K,€2K,1643
364,238155,O. Alseth,21,https://cdn.sofifa.org/48/17/players/238155.png,Norway,https://cdn.sofifa.org/flags/36.png,61,69,Toronto FC,https://cdn.sofifa.org/24/17/teams/111651.png,€290K,€1K,1571
365,230774,J. Clarke-Salter,18,https://cdn.sofifa.org/48/17/players/230774.png,England,https://cdn.sofifa.org/flags/14.png,61,79,Chelsea,https://cdn.sofifa.org/24/17/teams/5.png,€400K,€1K,1396
366,238225,Olabe,20,https://cdn.sofifa.org/48/17/players/238225.png,Spain,https://cdn.sofifa.org/flags/45.png,61,70,Atlético Madrid,https://cdn.sofifa.org/24/17/teams/240.png,€350K,€3K,1513
367,233181,S. Otsuki,27,https://cdn.sofifa.org/48/17/players/233181.png,Japan,https://cdn.sofifa.org/flags/163.png,61,61,Vissel Kobe,https://cdn.sofifa.org/24/17/teams/101146.png,€230K,€2K,1634
368,237317,R. Macek,19,https://cdn.sofifa.org/48/17/players/237317.png,Czech Republic,https://cdn.sofifa.org/flags/12.png,60,74,Juventus,https://cdn.sofifa.org/24/17/teams/45.png,€375K,€2K,1638
369,238446,Tachi,18,https://cdn.sofifa.org/48/17/players/238446.png,Spain,https://cdn.sofifa.org/flags/45.png,60,77,Atlético Madrid,https://cdn.sofifa.org/24/17/teams/240.png,€325K,€1K,1371
370,201353,J. Kempin,23,https://cdn.sofifa.org/48/17/players/201353.png,United States,https://cdn.sofifa.org/flags/95.png,60,65,LA Galaxy,https://cdn.sofifa.org/24/17/teams/697.png,€220K,€1K,1071
371,237194,S. Camargo,21,https://cdn.sofifa.org/48/17/players/237194.png,Canada,https://cdn.sofifa.org/flags/70.png,60,69,Toronto FC,https://cdn.sofifa.org/24/17/teams/111651.png,€250K,€1K,1665
372,237222,B. Aubrey,21,https://cdn.sofifa.org/48/17/players/237222.png,United States,https://cdn.sofifa.org/flags/95.png,60,67,Toronto FC,https://cdn.sofifa.org/24/17/teams/111651.png,€230K,€1K,1455
373,239591,A. López,20,https://cdn.sofifa.org/48/17/players/239591.png,Mexico,https://cdn.sofifa.org/flags/83.png,60,70,Guadalajara,https://cdn.sofifa.org/24/17/teams/1880.png,€300K,€1K,1581
374,240108,C. Zamora,20,https://cdn.sofifa.org/48/17/players/240108.png,Mexico,https://cdn.sofifa.org/flags/83.png,60,70,Guadalajara,https://cdn.sofifa.org/24/17/teams/1880.png,€270K,€1K,1256
375,238071,D. Sterling,16,https://cdn.sofifa.org/48/17/players/238071.png,England,https://cdn.sofifa.org/flags/14.png,60,82,Chelsea,https://cdn.sofifa.org/24/17/teams/5.png,€350K,€1K,1480
376,222082,R. Mendiola,22,https://cdn.sofifa.org/48/17/players/222082.png,Mexico,https://cdn.sofifa.org/flags/83.png,59,71,LA Galaxy,https://cdn.sofifa.org/24/17/teams/697.png,€280K,€1K,1497
377,217999,B. Spencer,21,https://cdn.sofifa.org/48/17/players/217999.png,United States,https://cdn.sofifa.org/flags/95.png,59,66,Toronto FC,https://cdn.sofifa.org/24/17/teams/111651.png,€230K,€1K,1386
378,232371,W. Hashimoto,29,https://cdn.sofifa.org/48/17/players/232371.png,Japan,https://cdn.sofifa.org/flags/163.png,59,59,Vissel Kobe,https://cdn.sofifa.org/24/17/teams/101146.png,€110K,€1K,1519
379,239545,J. Godínez,19,https://cdn.sofifa.org/48/17/players/239545.png,Mexico,https://cdn.sofifa.org/flags/83.png,59,74,Guadalajara,https://cdn.sofifa.org/24/17/teams/1880.png,€325K,€1K,1384
380,213696,M. Willock,19,https://cdn.sofifa.org/48/17/players/213696.png,England,https://cdn.sofifa.org/flags/14.png,59,76,Manchester United,https://cdn.sofifa.org/24/17/teams/11.png,€325K,€2K,1551
381,239592,J. Macías,16,https://cdn.sofifa.org/48/17/players/239592.png,Mexico,https://cdn.sofifa.org/flags/83.png,59,76,Guadalajara,https://cdn.sofifa.org/24/17/teams/1880.png,€300K,€1K,1389
382,232757,K. Scott,18,https://cdn.sofifa.org/48/17/players/232757.png,United States,https://cdn.sofifa.org/flags/95.png,58,75,Chelsea,https://cdn.sofifa.org/24/17/teams/5.png,€260K,€1K,1505
383,229252,A. Torres,20,https://cdn.sofifa.org/48/17/players/229252.png,Mexico,https://cdn.sofifa.org/flags/83.png,58,69,Guadalajara,https://cdn.sofifa.org/24/17/teams/1880.png,€210K,€1K,1111
384,237958,J. Villarreal,21,https://cdn.sofifa.org/48/17/players/237958.png,United States,https://cdn.sofifa.org/flags/95.png,58,68,LA Galaxy,https://cdn.sofifa.org/24/17/teams/697.png,€190K,€1K,1587
385,232893,K. Kitamoto,34,https://cdn.sofifa.org/48/17/players/232893.png,Japan,https://cdn.sofifa.org/flags/163.png,58,58,Vissel Kobe,https://cdn.sofifa.org/24/17/teams/101146.png,€40K,€1K,1220
386,232928,Y. Matsushita,22,https://cdn.sofifa.org/48/17/players/232928.png,Japan,https://cdn.sofifa.org/flags/163.png,58,67,Vissel Kobe,https://cdn.sofifa.org/24/17/teams/101146.png,€210K,€1K,1468
387,230918,T. Chalobah,16,https://cdn.sofifa.org/48/17/players/230918.png,England,https://cdn.sofifa.org/flags/14.png,57,75,Chelsea,https://cdn.sofifa.org/24/17/teams/5.png,€200K,€1K,1446
388,237225,H. Arellano,18,https://cdn.sofifa.org/48/17/players/237225.png,United States,https://cdn.sofifa.org/flags/95.png,57,69,LA Galaxy,https://cdn.sofifa.org/24/17/teams/697.png,€160K,€1K,1454
389,238300,M. Pais,25,https://cdn.sofifa.org/48/17/players/238300.png,United States,https://cdn.sofifa.org/flags/95.png,57,59,Toronto FC,https://cdn.sofifa.org/24/17/teams/111651.png,€120K,€1K,1133
390,232944,S. Fujitani,18,https://cdn.sofifa.org/48/17/players/232944.png,Japan,https://cdn.sofifa.org/flags/163.png,54,65,Vissel Kobe,https://cdn.sofifa.org/24/17/teams/101146.png,€90K,€1K,1343
391,224947,D. Grimshaw,18,https://cdn.sofifa.org/48/17/players/224947.png,England,https://cdn.sofifa.org/flags/14.png,51,61,Manchester City,https://cdn.sofifa.org/24/17/teams/10.png,€50K,€1K,1023
392,232931,J. Higashi,18,https://cdn.sofifa.org/48/17/players/232931.png,Japan,https://cdn.sofifa.org/flags/163.png,51,70,Vissel Kobe,https://cdn.sofifa.org/24/17/teams/101146.png,€70K,€1K,1220
393,232936,K. Tokushige,32,https://cdn.sofifa.org/48/17/players/232936.png,Japan,https://cdn.sofifa.org/flags/163.png,51,51,Vissel Kobe,https://cdn.sofifa.org/24/17/teams/101146.png,€30K,€1K,845
394,232932,S. Yamaguchi,20,https://cdn.sofifa.org/48/17/players/232932.png,Japan,https://cdn.sofifa.org/flags/163.png,50,60,Vissel Kobe,https://cdn.sofifa.org/24/17/teams/101146.png,€50K,€1K,1299
395,232924,H. Tanaka,33,https://cdn.sofifa.org/48/17/players/232924.png,Japan,https://cdn.sofifa.org/flags/163.png,49,49,Vissel Kobe,https://cdn.sofifa.org/24/17/teams/101146.png,€20K,€1K,1448
